feature,sample_count,correlation_with_5d,absolute_signal,normalized_weight,direction,message
ema20_distance,313,0.1194,0.11941291057147474,20.56,pozitif,Ilk asama korelasyon agirligi; otomatik al-sat karari degildir.
rsi,313,0.1059,0.1058946163631997,18.23,pozitif,Ilk asama korelasyon agirligi; otomatik al-sat karari degildir.
smart_money_score,313,0.0965,0.09646356075610303,16.61,pozitif,Ilk asama korelasyon agirligi; otomatik al-sat karari degildir.
relationship_score,147,-0.0757,0.07567874691365316,13.03,negatif,Ilk asama korelasyon agirligi; otomatik al-sat karari degildir.
v8_score,313,0.0709,0.0709041234206969,12.21,pozitif,Ilk asama korelasyon agirligi; otomatik al-sat karari degildir.
volume_ratio,313,0.0593,0.05929465747808685,10.21,pozitif,Ilk asama korelasyon agirligi; otomatik al-sat karari degildir.
institutional_score,313,-0.0415,0.041505955632378466,7.15,negatif,Ilk asama korelasyon agirligi; otomatik al-sat karari degildir.
prediction_score,147,-0.0049,0.004919074451666816,0.85,negatif,Ilk asama korelasyon agirligi; otomatik al-sat karari degildir.
historical_support_score,166,-0.0043,0.00434646029921771,0.75,negatif,Ilk asama korelasyon agirligi; otomatik al-sat karari degildir.
live_confirmation_score,147,-0.0023,0.0023309303898992944,0.4,negatif,Ilk asama korelasyon agirligi; otomatik al-sat karari degildir.
