feature,sample_count,correlation_5d,high_group_avg_5d,low_group_avg_5d,spread_5d,stability,learned_multiplier,raw_weight,normalized_weight
v8_score,323,0.0341,-1.318,-1.728,0.41,1.0,1.0361,24.8673,24.267
smart_money_score,323,0.068,-0.632,-2.485,1.853,1.0,1.1032,17.6516,17.225
institutional_score,323,-0.0435,-2.422,-0.592,-1.83,1.0,0.9147,12.8055,12.496
historical_support_score,175,-0.0032,-1.741,-0.367,-1.374,1.0,0.9565,9.5651,9.334
prediction_score,148,0.0191,-1.974,-2.164,0.19,1.0,1.0191,8.1526,7.956
live_confirmation_score,148,0.021,-2.363,-1.75,-0.613,1.0,0.9963,7.9704,7.778
relationship_score,148,-0.0621,-1.886,-2.252,0.366,1.0,0.9675,5.8051,5.665
rsi,323,0.1212,-0.371,-2.678,2.307,1.0,1.1541,5.7703,5.631
volume_ratio,323,0.057,-1.292,-1.767,0.475,1.0,1.0542,5.2709,5.144
ema20_distance,323,0.127,-0.453,-2.623,2.171,1.0,1.154,4.6161,4.505
