feature,base_weight,recommended_weight,change,sample_count,correlation_5d,spread_5d,direction
v8_score,20.0,20.414,0.414,317,0.03692,0.532,ARTIR
smart_money_score,18.0,18.433,0.433,631,0.00574,0.82,ARTIR
institutional_score,16.0,14.834,-1.166,317,-0.04793,-1.949,AZALT
historical_support_score,12.0,11.319,-0.681,169,-0.01411,-1.248,AZALT
prediction_score,10.0,10.171,0.171,148,0.0191,0.19,KORU
live_confirmation_score,8.0,7.777,-0.223,148,0.02099,-0.613,KORU
relationship_score,6.0,5.935,-0.065,148,-0.06206,0.366,KORU
rsi,4.0,4.963,0.963,631,0.06938,1.371,ARTIR
volume_ratio,4.0,4.179,0.179,631,0.01525,0.237,KORU
ema20_distance,2.0,2.484,0.484,631,0.04945,0.572,ARTIR
