pattern_id,source_decision,feature,direction,threshold_low,threshold_high,sample_count,success_count,success_rate,average_return_5d,average_return_10d,average_return_15d,average_max_return_15d,recommended_bonus,confidence_class,active,version
V30-0001,ELE,v27_master_score,LOW,,38.685,24,11,45.83,0.29,0.36,-0.56,8.29,1.36,DÜŞÜK,False,V30.0
V30-0002,ELE,v27_master_score,HIGH,38.685,,24,9,37.5,-1.21,-2.93,-5.47,6.44,1.2,DÜŞÜK,False,V30.0
V30-0003,ELE,v22_signal_score,LOW,,52.45,24,11,45.83,0.02,-0.8,-0.66,8.2,1.2,DÜŞÜK,False,V30.0
V30-0004,ELE,v22_signal_score,HIGH,52.45,,24,9,37.5,-0.93,-2.26,-5.66,6.53,1.2,DÜŞÜK,False,V30.0
V30-0005,ELE,v24_score,LOW,,50.0,48,20,41.67,-0.46,-1.58,-3.31,7.37,1.5,DÜŞÜK,False,V30.0
V30-0006,ELE,optimized_weight_pct,LOW,,0.0,48,20,41.67,-0.46,-1.58,-3.31,7.37,1.5,DÜŞÜK,False,V30.0
V30-0007,ELE,optimizer_score,LOW,,0.0,48,20,41.67,-0.46,-1.58,-3.31,7.37,1.5,DÜŞÜK,False,V30.0
V30-0008,ELE,top_pick_score,LOW,,54.9,25,11,44.0,0.02,-0.67,-0.46,8.13,1.25,DÜŞÜK,False,V30.0
V30-0009,ELE,top_pick_score,HIGH,54.9,,23,9,39.13,-0.98,-2.45,-6.15,6.54,1.15,DÜŞÜK,False,V30.0
V30-0010,ELE,ai_final_score,LOW,,59.56,24,10,41.67,-0.41,-0.66,-0.21,8.47,1.2,DÜŞÜK,False,V30.0
V30-0011,ELE,ai_final_score,HIGH,59.56,,24,10,41.67,-0.5,-2.37,-6.06,6.26,1.2,DÜŞÜK,False,V30.0
V30-0012,ELE,consensus_score,LOW,,47.785,24,14,58.33,0.85,2.18,0.28,10.5,2.56,DÜŞÜK,False,V30.0
V30-0013,ELE,consensus_score,HIGH,47.785,,24,6,25.0,-1.77,-4.49,-5.82,4.23,1.2,DÜŞÜK,False,V30.0
V30-0014,ELE,quality_score,LOW,,50.0,48,20,41.67,-0.46,-1.58,-3.31,7.37,1.5,DÜŞÜK,False,V30.0
V30-0015,ELE,risk_score,LOW,,30.0,25,11,44.0,-1.42,-4.4,-7.97,7.26,1.25,DÜŞÜK,False,V30.0
V30-0016,ELE,risk_score,HIGH,30.0,,23,9,39.13,0.59,1.09,0.38,7.48,1.43,DÜŞÜK,False,V30.0
V30-0017,ELE,market_percentile,LOW,,95.84,24,7,29.17,-1.66,-3.4,-5.25,4.66,1.2,DÜŞÜK,False,V30.0
V30-0018,ELE,market_percentile,HIGH,95.84,,24,13,54.17,0.75,1.03,0.26,10.07,2.09,DÜŞÜK,False,V30.0
V30-0019,ELE,timing_confidence,LOW,,88.58,24,6,25.0,-2.28,-4.14,-5.63,4.75,1.2,DÜŞÜK,False,V30.0
V30-0020,ELE,timing_confidence,HIGH,88.58,,24,14,58.33,1.36,2.1,0.95,9.98,2.84,DÜŞÜK,False,V30.0
V30-0021,ELE,expected_return,LOW,,-0.285,24,6,25.0,-2.48,-5.38,-8.2,4.39,1.2,DÜŞÜK,False,V30.0
V30-0022,ELE,expected_return,HIGH,-0.285,,24,14,58.33,1.57,2.42,1.59,10.35,2.85,DÜŞÜK,False,V30.0
V30-0023,ELE,downside_20pct,LOW,,-3.08,25,8,32.0,-1.94,-3.94,-4.89,5.21,1.25,DÜŞÜK,False,V30.0
V30-0024,ELE,downside_20pct,HIGH,-3.08,,23,12,52.17,1.15,1.8,-0.75,9.71,1.86,DÜŞÜK,False,V30.0
V30-0025,ELE,upside_80pct,LOW,,1.94,25,8,32.0,-2.41,-4.12,-5.12,5.1,1.25,DÜŞÜK,False,V30.0
V30-0026,ELE,upside_80pct,HIGH,1.94,,23,12,52.17,1.66,1.38,-1.49,9.82,1.56,DÜŞÜK,False,V30.0
V30-0027,ELE,rsi,LOW,,0.0,48,20,41.67,-0.46,-1.58,-3.31,7.37,1.5,DÜŞÜK,False,V30.0
V30-0028,ELE,volume_ratio,LOW,,0.0,48,20,41.67,-0.46,-1.58,-3.31,7.37,1.5,DÜŞÜK,False,V30.0
V30-0029,ELE,ema20_distance,LOW,,0.0,48,20,41.67,-0.46,-1.58,-3.31,7.37,1.5,DÜŞÜK,False,V30.0
V30-0030,ELE,smart_money_score,LOW,,0.0,48,20,41.67,-0.46,-1.58,-3.31,7.37,1.5,DÜŞÜK,False,V30.0
V30-0031,ELE,institutional_score,LOW,,0.0,48,20,41.67,-0.46,-1.58,-3.31,7.37,1.5,DÜŞÜK,False,V30.0
V30-0032,ELE,historical_support_score,LOW,,0.0,48,20,41.67,-0.46,-1.58,-3.31,7.37,1.5,DÜŞÜK,False,V30.0
V30-0033,ELE,prediction_score,LOW,,0.0,48,20,41.67,-0.46,-1.58,-3.31,7.37,1.5,DÜŞÜK,False,V30.0
V30-0034,ELE,live_confirmation_score,LOW,,0.0,48,20,41.67,-0.46,-1.58,-3.31,7.37,1.5,DÜŞÜK,False,V30.0
V30-0035,ELE,relationship_score,LOW,,0.0,48,20,41.67,-0.46,-1.58,-3.31,7.37,1.5,DÜŞÜK,False,V30.0
V30-0036,ELE,v8_score,LOW,,0.0,48,20,41.67,-0.46,-1.58,-3.31,7.37,1.5,DÜŞÜK,False,V30.0
V30-0037,PASİF İZLEME,v27_master_score,LOW,,41.57,7,1,14.29,1.25,-0.28,-0.52,6.31,0.35,DÜŞÜK,False,V30.0
V30-0038,PASİF İZLEME,v27_master_score,HIGH,41.57,,6,0,0.0,-7.69,-12.61,-18.45,1.32,0.3,DÜŞÜK,False,V30.0
V30-0039,PASİF İZLEME,v22_signal_score,LOW,,57.11,7,1,14.29,-2.51,-8.65,-11.26,6.0,0.35,DÜŞÜK,False,V30.0
V30-0040,PASİF İZLEME,v22_signal_score,HIGH,57.11,,6,0,0.0,-3.3,-2.85,-3.41,1.67,0.3,DÜŞÜK,False,V30.0
V30-0041,PASİF İZLEME,v24_score,LOW,,50.0,13,1,7.69,-2.88,-5.97,-7.99,4.0,0.65,DÜŞÜK,False,V30.0
V30-0042,PASİF İZLEME,optimized_weight_pct,LOW,,0.0,13,1,7.69,-2.88,-5.97,-7.99,4.0,0.65,DÜŞÜK,False,V30.0
V30-0043,PASİF İZLEME,optimizer_score,LOW,,0.0,13,1,7.69,-2.88,-5.97,-7.99,4.0,0.65,DÜŞÜK,False,V30.0
V30-0044,PASİF İZLEME,top_pick_score,LOW,,59.68,7,1,14.29,-2.51,-8.65,-11.26,6.0,0.35,DÜŞÜK,False,V30.0
V30-0045,PASİF İZLEME,top_pick_score,HIGH,59.68,,6,0,0.0,-3.3,-2.85,-3.41,1.67,0.3,DÜŞÜK,False,V30.0
V30-0046,PASİF İZLEME,ai_final_score,LOW,,64.77,7,1,14.29,-3.49,-9.52,-11.33,5.73,0.35,DÜŞÜK,False,V30.0
V30-0047,PASİF İZLEME,ai_final_score,HIGH,64.77,,6,0,0.0,-2.16,-1.84,-3.32,1.99,0.3,DÜŞÜK,False,V30.0
V30-0048,PASİF İZLEME,consensus_score,LOW,,53.42,7,0,0.0,-3.34,-3.05,-2.95,2.11,0.35,DÜŞÜK,False,V30.0
V30-0049,PASİF İZLEME,consensus_score,HIGH,53.42,,6,1,16.67,-2.34,-9.39,-13.04,6.21,0.3,DÜŞÜK,False,V30.0
V30-0050,PASİF İZLEME,quality_score,LOW,,50.0,13,1,7.69,-2.88,-5.97,-7.99,4.0,0.65,DÜŞÜK,False,V30.0
V30-0051,PASİF İZLEME,risk_score,LOW,,27.0,7,0,0.0,-6.81,-10.4,-14.41,2.23,0.35,DÜŞÜK,False,V30.0
V30-0052,PASİF İZLEME,risk_score,HIGH,27.0,,6,1,16.67,1.71,-0.81,-1.57,6.07,0.3,DÜŞÜK,False,V30.0
V30-0053,PASİF İZLEME,market_percentile,LOW,,95.28,7,1,14.29,-2.15,-8.37,-11.33,5.65,0.35,DÜŞÜK,False,V30.0
V30-0054,PASİF İZLEME,market_percentile,HIGH,95.28,,6,0,0.0,-3.73,-3.18,-3.32,2.08,0.3,DÜŞÜK,False,V30.0
V30-0055,PASİF İZLEME,timing_confidence,LOW,,89.28,7,1,14.29,-3.54,-9.35,-13.69,4.33,0.35,DÜŞÜK,False,V30.0
V30-0056,PASİF İZLEME,timing_confidence,HIGH,89.28,,6,0,0.0,-2.1,-2.03,-2.29,3.62,0.3,DÜŞÜK,False,V30.0
V30-0057,PASİF İZLEME,expected_return,LOW,,0.57,7,1,14.29,-2.92,-9.02,-13.63,5.27,0.35,DÜŞÜK,False,V30.0
V30-0058,PASİF İZLEME,expected_return,HIGH,0.57,,6,0,0.0,-2.82,-2.42,-2.35,2.52,0.3,DÜŞÜK,False,V30.0
V30-0059,PASİF İZLEME,downside_20pct,LOW,,-2.28,7,0,0.0,-3.38,-8.23,-11.5,4.07,0.35,DÜŞÜK,False,V30.0
V30-0060,PASİF İZLEME,downside_20pct,HIGH,-2.28,,6,1,16.67,-2.28,-3.34,-3.08,3.93,0.3,DÜŞÜK,False,V30.0
V30-0061,PASİF İZLEME,upside_80pct,LOW,,3.49,7,1,14.29,-3.57,-9.06,-12.64,5.2,0.35,DÜŞÜK,False,V30.0
V30-0062,PASİF İZLEME,upside_80pct,HIGH,3.49,,6,0,0.0,-2.07,-2.37,-3.34,2.61,0.3,DÜŞÜK,False,V30.0
V30-0063,PASİF İZLEME,rsi,LOW,,0.0,13,1,7.69,-2.88,-5.97,-7.99,4.0,0.65,DÜŞÜK,False,V30.0
V30-0064,PASİF İZLEME,volume_ratio,LOW,,0.0,13,1,7.69,-2.88,-5.97,-7.99,4.0,0.65,DÜŞÜK,False,V30.0
V30-0065,PASİF İZLEME,ema20_distance,LOW,,0.0,13,1,7.69,-2.88,-5.97,-7.99,4.0,0.65,DÜŞÜK,False,V30.0
V30-0066,PASİF İZLEME,smart_money_score,LOW,,0.0,13,1,7.69,-2.88,-5.97,-7.99,4.0,0.65,DÜŞÜK,False,V30.0
V30-0067,PASİF İZLEME,institutional_score,LOW,,0.0,13,1,7.69,-2.88,-5.97,-7.99,4.0,0.65,DÜŞÜK,False,V30.0
V30-0068,PASİF İZLEME,historical_support_score,LOW,,0.0,13,1,7.69,-2.88,-5.97,-7.99,4.0,0.65,DÜŞÜK,False,V30.0
V30-0069,PASİF İZLEME,prediction_score,LOW,,0.0,13,1,7.69,-2.88,-5.97,-7.99,4.0,0.65,DÜŞÜK,False,V30.0
V30-0070,PASİF İZLEME,live_confirmation_score,LOW,,0.0,13,1,7.69,-2.88,-5.97,-7.99,4.0,0.65,DÜŞÜK,False,V30.0
V30-0071,PASİF İZLEME,relationship_score,LOW,,0.0,13,1,7.69,-2.88,-5.97,-7.99,4.0,0.65,DÜŞÜK,False,V30.0
V30-0072,PASİF İZLEME,v8_score,LOW,,0.0,13,1,7.69,-2.88,-5.97,-7.99,4.0,0.65,DÜŞÜK,False,V30.0
V30-0073,TEYİT BEKLE,v27_master_score,LOW,,46.795,11,4,36.36,-4.2,-10.6,-14.76,5.13,0.55,DÜŞÜK,False,V30.0
V30-0074,TEYİT BEKLE,v27_master_score,HIGH,46.795,,11,2,18.18,-5.01,-5.14,-6.46,2.23,0.55,DÜŞÜK,False,V30.0
V30-0075,TEYİT BEKLE,v22_signal_score,LOW,,64.315,11,4,36.36,-4.2,-10.6,-14.76,5.13,0.55,DÜŞÜK,False,V30.0
V30-0076,TEYİT BEKLE,v22_signal_score,HIGH,64.315,,11,2,18.18,-5.01,-5.14,-6.46,2.23,0.55,DÜŞÜK,False,V30.0
V30-0077,TEYİT BEKLE,v24_score,LOW,,50.0,22,6,27.27,-4.6,-7.87,-10.61,3.68,1.1,DÜŞÜK,False,V30.0
V30-0078,TEYİT BEKLE,optimized_weight_pct,LOW,,0.0,22,6,27.27,-4.6,-7.87,-10.61,3.68,1.1,DÜŞÜK,False,V30.0
V30-0079,TEYİT BEKLE,optimizer_score,LOW,,0.0,22,6,27.27,-4.6,-7.87,-10.61,3.68,1.1,DÜŞÜK,False,V30.0
V30-0080,TEYİT BEKLE,top_pick_score,LOW,,65.28,11,4,36.36,-4.6,-11.0,-17.55,4.74,0.55,DÜŞÜK,False,V30.0
V30-0081,TEYİT BEKLE,top_pick_score,HIGH,65.28,,11,2,18.18,-4.61,-4.75,-3.67,2.62,0.55,DÜŞÜK,False,V30.0
V30-0082,TEYİT BEKLE,ai_final_score,LOW,,68.99,11,3,27.27,-5.69,-11.05,-17.41,4.39,0.55,DÜŞÜK,False,V30.0
V30-0083,TEYİT BEKLE,ai_final_score,HIGH,68.99,,11,3,27.27,-3.52,-4.69,-3.8,2.98,0.55,DÜŞÜK,False,V30.0
V30-0084,TEYİT BEKLE,consensus_score,LOW,,69.78,12,2,16.67,-5.83,-11.2,-11.76,2.66,0.6,DÜŞÜK,False,V30.0
V30-0085,TEYİT BEKLE,consensus_score,HIGH,69.78,,10,4,40.0,-3.13,-3.87,-9.22,4.91,0.5,DÜŞÜK,False,V30.0
V30-0086,TEYİT BEKLE,quality_score,LOW,,50.0,22,6,27.27,-4.6,-7.87,-10.61,3.68,1.1,DÜŞÜK,False,V30.0
V30-0087,TEYİT BEKLE,risk_score,LOW,,24.0,12,2,16.67,-5.15,-10.67,-11.27,3.24,0.6,DÜŞÜK,False,V30.0
V30-0088,TEYİT BEKLE,risk_score,HIGH,24.0,,10,4,40.0,-3.95,-4.5,-9.81,4.21,0.5,DÜŞÜK,False,V30.0
V30-0089,TEYİT BEKLE,market_percentile,LOW,,92.835,11,5,45.45,-2.82,-4.38,-8.97,4.29,0.55,DÜŞÜK,False,V30.0
V30-0090,TEYİT BEKLE,market_percentile,HIGH,92.835,,11,1,9.09,-6.38,-11.36,-12.25,3.08,0.55,DÜŞÜK,False,V30.0
V30-0091,TEYİT BEKLE,timing_confidence,LOW,,90.72,11,5,45.45,-2.88,-10.2,-15.86,5.56,0.55,DÜŞÜK,False,V30.0
V30-0092,TEYİT BEKLE,timing_confidence,HIGH,90.72,,11,1,9.09,-6.33,-5.54,-5.35,1.8,0.55,DÜŞÜK,False,V30.0
V30-0093,TEYİT BEKLE,expected_return,LOW,,2.59,11,4,36.36,-3.69,-11.18,-16.71,4.84,0.55,DÜŞÜK,False,V30.0
V30-0094,TEYİT BEKLE,expected_return,HIGH,2.59,,11,2,18.18,-5.51,-4.56,-4.51,2.53,0.55,DÜŞÜK,False,V30.0
V30-0095,TEYİT BEKLE,downside_20pct,LOW,,-0.14,11,4,36.36,-3.52,-9.68,-14.73,5.63,0.55,DÜŞÜK,False,V30.0
V30-0096,TEYİT BEKLE,downside_20pct,HIGH,-0.14,,11,2,18.18,-5.69,-6.06,-6.48,1.73,0.55,DÜŞÜK,False,V30.0
V30-0097,TEYİT BEKLE,upside_80pct,LOW,,6.115,11,4,36.36,-4.37,-11.6,-17.65,4.14,0.55,DÜŞÜK,False,V30.0
V30-0098,TEYİT BEKLE,upside_80pct,HIGH,6.115,,11,2,18.18,-4.84,-4.14,-3.57,3.23,0.55,DÜŞÜK,False,V30.0
V30-0099,TEYİT BEKLE,rsi,LOW,,0.0,22,6,27.27,-4.6,-7.87,-10.61,3.68,1.1,DÜŞÜK,False,V30.0
V30-0100,TEYİT BEKLE,volume_ratio,LOW,,0.0,22,6,27.27,-4.6,-7.87,-10.61,3.68,1.1,DÜŞÜK,False,V30.0
V30-0101,TEYİT BEKLE,ema20_distance,LOW,,0.0,22,6,27.27,-4.6,-7.87,-10.61,3.68,1.1,DÜŞÜK,False,V30.0
V30-0102,TEYİT BEKLE,smart_money_score,LOW,,0.0,22,6,27.27,-4.6,-7.87,-10.61,3.68,1.1,DÜŞÜK,False,V30.0
V30-0103,TEYİT BEKLE,institutional_score,LOW,,0.0,22,6,27.27,-4.6,-7.87,-10.61,3.68,1.1,DÜŞÜK,False,V30.0
V30-0104,TEYİT BEKLE,historical_support_score,LOW,,0.0,22,6,27.27,-4.6,-7.87,-10.61,3.68,1.1,DÜŞÜK,False,V30.0
V30-0105,TEYİT BEKLE,prediction_score,LOW,,0.0,22,6,27.27,-4.6,-7.87,-10.61,3.68,1.1,DÜŞÜK,False,V30.0
V30-0106,TEYİT BEKLE,live_confirmation_score,LOW,,0.0,22,6,27.27,-4.6,-7.87,-10.61,3.68,1.1,DÜŞÜK,False,V30.0
V30-0107,TEYİT BEKLE,relationship_score,LOW,,0.0,22,6,27.27,-4.6,-7.87,-10.61,3.68,1.1,DÜŞÜK,False,V30.0
V30-0108,TEYİT BEKLE,v8_score,LOW,,0.0,22,6,27.27,-4.6,-7.87,-10.61,3.68,1.1,DÜŞÜK,False,V30.0
