similarity_rank,target_date,similar_date,similarity_distance,similarity_score,breadth_1d,breadth_5d,breadth_20d,above_ema20,median_return_1d,median_return_5d,median_return_20d,median_volume_ratio,median_volatility_20d,dispersion_1d,market_next_1d_return,market_next_3d_return,market_next_5d_return
1,2026-10-05,2026-09-25,1.008491729370158,36.47687348468908,59.72696245733788,23.72013651877133,5.290102389078498,6.825938566552901,0.5175736657437868,-4.844278480259384,-20.381677135556853,0.6068073751123406,3.231919103048986,4.1988202134496415,-5.313764073582622,-8.352722246622594,-3.603097378187581
2,2026-10-05,2026-03-16,1.348215406559422,25.970331217103826,36.706689536878216,64.54388984509465,20.103986135181977,32.24699828473413,-0.5827528109495161,1.838242340803009,-11.302477879939898,0.6821022444129194,3.03021525576886,3.247221698831522,1.1512260927680096,0.5509627784334947,-0.48169740061275723
3,2026-10-05,2026-09-23,1.4092066453105543,24.43370522256612,35.665529010238906,20.648464163822524,7.167235494880546,8.70307167235495,-0.7026426465490565,-7.9677009291831755,-18.941576807565852,0.7601659572745447,3.140589974421123,4.468585935095731,-3.254983061021599,-6.974733268232258,-10.066613055587958
4,2026-10-05,2026-03-09,1.412716139409198,24.348105571871674,33.793103448275865,44.90500863557859,21.70138888888889,21.858864027538726,-0.9433880846022369,-0.7385552566577802,-9.072093098814603,0.7422693917252843,2.896893916348028,3.4373643412327994,3.435120477827258,3.2142820812407047,1.838242340803009
5,2026-10-05,2026-03-12,1.4180458444232018,24.218682551148095,53.17324185248714,54.2314335060449,26.689774696707108,38.59348198970841,0.20100962961877578,0.5899699205784925,-7.48865355521936,0.8205938580277615,3.1250890254250345,3.298141720223798,-1.0670757968286981,-0.25641000560834293,-0.7865737856880273
6,2026-10-05,2026-06-05,1.432332481684004,23.875138903656946,29.351535836177472,49.48805460750853,30.427350427350426,38.907849829351534,-1.0816183180214045,0.0,-5.323917971722203,0.844287693636638,3.386916231732614,3.3658760520927475,-0.13497463893205608,-2.4390241946143973,-2.301588204572047
7,2026-10-05,2025-04-15,1.4412306832298667,23.663635501240606,39.96447602131439,50.71174377224199,33.27402135231316,55.23978685612788,-0.4237269545069644,0.1521424084031442,-5.415918117370144,0.8494438848974346,3.815118480485065,3.361022047036978,-2.5017829415406534,-2.2988814949198355,-3.628238185587984
8,2026-10-05,2025-04-14,1.481516004024051,22.7292850186289,60.92362344582594,65.65836298932385,34.519572953736656,56.6607460035524,0.47562381187600256,1.9961278816586714,-4.1532431445718885,0.861775762540904,3.8007234972445048,3.420343267027405,-0.4237269545069644,-1.5625031529149402,-2.597400184666032
9,2026-10-05,2026-03-11,1.5052814385683155,22.195481839454327,36.25429553264605,67.70293609671847,28.769497400346623,35.506003430531734,-0.6611582057922727,1.9021720644826434,-6.614788928125737,0.6860810030611086,3.0900425372416773,3.1874347865551425,0.20100962961877578,-1.276595744680853,-0.5352401374890348
10,2026-10-05,2026-06-08,1.5293702745785527,21.667206827343367,45.73378839590443,41.467576791808874,30.256410256410255,40.44368600682594,-0.13497463893205608,-1.3275989758799178,-5.65216863989143,0.914336002635582,3.3338521627077666,3.27492596694106,-1.446446005655655,-2.965897359318431,-0.21614711164529843
11,2026-10-05,2025-04-09,1.5583567991059175,21.048165083146134,24.555160142348754,44.30604982206406,34.87544483985765,41.10320284697509,-1.5365550005740136,-0.6568599613148096,-5.068653263623784,0.8404235267788467,3.785018992765291,3.2527439804036242,0.6815954075667485,1.5078159097666743,-1.0814096100145054
12,2026-10-05,2025-04-07,1.5662267821016198,20.883166501487516,37.36654804270463,52.135231316725985,41.10320284697509,40.92526690391459,-0.639956438967032,0.2821026330598886,-2.6519613162247104,0.8554551755633237,3.7319221787596892,3.250583789749519,1.6267685935588139,1.1849318964147537,1.9961278816586714
