v33_3_rank,symbol,v33_3_decision,v33_3_score,v33_3_confidence,v33_score,prescan_score,similar_day_count,positive_1d_rate,positive_3d_rate,positive_5d_rate,average_return_1d,average_return_3d,average_return_5d,median_return_5d,best_return_5d,worst_return_5d,return_range_5d,downside_penalty,consistency_score,current_technical_score,historical_quality_score,risk_score,risk_class,risk_available,risk_source,regime,regime_confidence,market_percentile,timing_confidence,timing_available,timing_source,close,return_1d,return_5d,return_20d,ema20_distance,volume_ratio,prescan_class,supporting_factors,risk_notes,v33_3_reason,rsi_usage
1,YGGYO,AKTİF İZLEME,82.62,79.0,68.35,95.14,12,66.67,75.0,66.67,1.03,1.52,5.36,2.09,17.48,-3.97,21.45,0.0,86.27,84.0,68.59,,VERI YOK,False,VERI_YOK,YATAY,55.65,93.51535836177474,,False,VERI_YOK,213.2,1.7176,4.3563,-2.9144,-1.2853,1.0974,UST ADAY,5 günlük momentum kontrollü | EMA20 konumu uygun | Piyasa göreli gücü yüksek,V20 risk verisi mevcut değil | V19/V20 zamanlama verisi mevcut değil,Tarihsel benzerlik ve mevcut teknik yapı aktif takip için yeterli; ancak gerçek V20 risk verisi olmadığı için üst düzey teyit verilmedi,DISABLED
2,HLGYO,AKTİF İZLEME,82.32,79.0,69.44,86.63,12,83.33,66.67,75.0,1.88,4.55,4.72,2.82,16.81,-5.76,22.57,3.0,91.27,70.0,73.27,,VERI YOK,False,VERI_YOK,YATAY,55.65,95.73378839590444,,False,VERI_YOK,4.2,5.2632,3.4483,-5.1919,0.3505,1.115,GUCLU ADAY,5 günlük momentum kontrollü | EMA20 konumu uygun | Piyasa göreli gücü yüksek,V20 risk verisi mevcut değil | V19/V20 zamanlama verisi mevcut değil,Tarihsel benzerlik ve mevcut teknik yapı aktif takip için yeterli; ancak gerçek V20 risk verisi olmadığı için üst düzey teyit verilmedi,DISABLED
3,AYDEM,AKTİF İZLEME,79.23,76.69,65.5,88.39,12,66.67,66.67,75.0,1.22,2.21,1.61,2.07,7.66,-7.43,15.09,6.0,78.34,78.0,67.54,,VERI YOK,False,VERI_YOK,YATAY,55.65,89.419795221843,,False,VERI_YOK,23.94,1.8723,1.7857,-7.7812,-2.5137,1.2224,UST ADAY,5 günlük momentum kontrollü | EMA20 konumu uygun | Hacim artışı sağlıklı | Piyasa göreli gücü yüksek,V20 risk verisi mevcut değil | V19/V20 zamanlama verisi mevcut değil,Tarihsel benzerlik ve mevcut teknik yapı aktif takip için yeterli; ancak gerçek V20 risk verisi olmadığı için üst düzey teyit verilmedi,DISABLED
4,BRSAN,AKTİF İZLEME,75.6,73.64,63.79,90.08,12,58.33,58.33,66.67,0.78,1.93,3.81,3.41,19.91,-6.37,26.28,3.0,80.31,72.0,64.4,,VERI YOK,False,VERI_YOK,YATAY,55.65,97.26962457337883,,False,VERI_YOK,670.5,7.28,3.6321,-2.5436,0.8866,1.1335,UST ADAY,5 günlük momentum kontrollü | EMA20 konumu uygun | Piyasa göreli gücü yüksek,V20 risk verisi mevcut değil | V19/V20 zamanlama verisi mevcut değil,Tarihsel benzerlik ve mevcut teknik yapı aktif takip için yeterli; ancak gerçek V20 risk verisi olmadığı için üst düzey teyit verilmedi,DISABLED
5,BNTAS,AKTİF İZLEME,74.69,72.41,63.3,86.79,12,66.67,66.67,66.67,1.11,1.24,2.2,1.32,10.39,-2.91,13.3,0.0,75.56,70.0,64.64,,VERI YOK,False,VERI_YOK,YATAY,55.65,94.19795221843005,,False,VERI_YOK,5.74,5.709,8.5066,-6.5147,0.5162,1.4494,GUCLU ADAY,5 günlük momentum kontrollü | EMA20 konumu uygun | Hacim artışı sağlıklı | Piyasa göreli gücü yüksek,V20 risk verisi mevcut değil | V19/V20 zamanlama verisi mevcut değil,Tarihsel benzerlik ve mevcut teknik yapı aktif takip için yeterli; ancak gerçek V20 risk verisi olmadığı için üst düzey teyit verilmedi,DISABLED
6,TUREX,AKTİF İZLEME,74.34,72.41,63.33,86.4,12,58.33,50.0,66.67,1.67,3.64,4.04,1.79,19.66,-2.9,22.56,0.0,82.49,64.0,63.92,,VERI YOK,False,VERI_YOK,YATAY,55.65,100.0,,False,VERI_YOK,6.1,8.9286,9.9099,2.1776,5.8458,1.3672,GUCLU ADAY,5 günlük momentum kontrollü | EMA20 konumu uygun | Hacim artışı sağlıklı | Piyasa göreli gücü yüksek,V20 risk verisi mevcut değil | V19/V20 zamanlama verisi mevcut değil,Tarihsel benzerlik ve mevcut teknik yapı aktif takip için yeterli; ancak gerçek V20 risk verisi olmadığı için üst düzey teyit verilmedi,DISABLED
7,GLYHO,AKTİF İZLEME,73.95,71.47,61.37,90.41,12,58.33,50.0,66.67,0.01,1.03,2.43,1.67,14.0,-6.95,20.95,3.0,75.95,74.0,60.35,,VERI YOK,False,VERI_YOK,YATAY,55.65,92.83276450511946,,False,VERI_YOK,15.84,0.6993,1.2141,-5.5456,-1.1878,1.0355,UST ADAY,5 günlük momentum kontrollü | EMA20 konumu uygun | Piyasa göreli gücü yüksek,V20 risk verisi mevcut değil | V19/V20 zamanlama verisi mevcut değil,Tarihsel benzerlik ve mevcut teknik yapı aktif takip için yeterli; ancak gerçek V20 risk verisi olmadığı için üst düzey teyit verilmedi,DISABLED
8,INDES,AKTİF İZLEME,73.94,70.69,61.58,91.0,12,66.67,58.33,58.33,0.43,0.69,2.44,1.5,12.05,-3.61,15.66,0.0,70.82,72.0,60.32,,VERI YOK,False,VERI_YOK,YATAY,55.65,98.80546075085324,,False,VERI_YOK,11.2,7.4856,8.1081,-1.7544,2.82,1.5534,UST ADAY,5 günlük momentum kontrollü | EMA20 konumu uygun | Hacim artışı sağlıklı | Piyasa göreli gücü yüksek,V20 risk verisi mevcut değil | V19/V20 zamanlama verisi mevcut değil,Tarihsel benzerlik ve mevcut teknik yapı aktif takip için yeterli; ancak gerçek V20 risk verisi olmadığı için üst düzey teyit verilmedi,DISABLED
9,SANKO,AKTİF İZLEME,73.58,70.76,61.16,88.29,12,66.67,50.0,66.67,0.73,1.24,1.13,1.38,5.7,-3.38,9.08,0.0,72.53,72.0,60.76,,VERI YOK,False,VERI_YOK,YATAY,55.65,97.95221843003414,,False,VERI_YOK,19.17,8.3051,7.2148,-3.2307,1.7861,1.9555,UST ADAY,5 günlük momentum kontrollü | EMA20 konumu uygun | Hacim artışı sağlıklı | Piyasa göreli gücü yüksek,V20 risk verisi mevcut değil | V19/V20 zamanlama verisi mevcut değil,Tarihsel benzerlik ve mevcut teknik yapı aktif takip için yeterli; ancak gerçek V20 risk verisi olmadığı için üst düzey teyit verilmedi,DISABLED
10,DURDO,AKTİF İZLEME,70.5,68.96,63.35,90.25,12,66.67,58.33,66.67,1.58,1.6,1.37,0.96,6.82,-5.78,12.6,3.0,70.64,70.0,62.94,,VERI YOK,False,VERI_YOK,YATAY,55.65,95.5631399317406,,False,VERI_YOK,4.8,4.3478,3.2258,-3.0303,0.5724,0.8222,UST ADAY,5 günlük momentum kontrollü | EMA20 konumu uygun | Piyasa göreli gücü yüksek,V20 risk verisi mevcut değil | V19/V20 zamanlama verisi mevcut değil,Tarihsel benzerlik ve mevcut teknik yapı aktif takip için yeterli; ancak gerçek V20 risk verisi olmadığı için üst düzey teyit verilmedi,DISABLED
