v33_rank,symbol,v33_decision,v33_score,candidate_pool_score,candidate_sources,similar_day_count,positive_1d_rate,positive_3d_rate,positive_5d_rate,average_return_1d,average_return_3d,average_return_5d,median_return_1d,median_return_3d,median_return_5d,best_return_5d,worst_return_5d,v22_signal_state,v22_signal_score,v27_decision,v27_master_score,v32_decision,v32_score,v32_confidence,risk_class,risk_score,regime,market_percentile,timing_confidence,expected_return,downside_20pct,upside_80pct,close,v33_reason,rsi_usage
1,RYGYO,BENZER GÜN AKTİF İZLEME,74.15,86.31,V33_PRESCAN,12,58.33,83.33,91.67,0.22,5.5,8.74,0.87,6.85,7.54,27.18,-0.69,,0.0,,0.0,,0.0,0.0,VERI YOK,50.0,PANİK,96.58703071672356,0.0,0.0,0.0,0.0,49.54,Benzer geçmiş piyasa günleri adayı istatistiksel olarak destekliyor,DISABLED
2,AKSEN,BENZER GÜN AKTİF İZLEME,73.24,87.36,V33_PRESCAN,12,58.33,91.67,91.67,0.3,3.35,6.83,1.29,3.46,7.7,15.39,-7.86,,0.0,,0.0,,0.0,0.0,VERI YOK,50.0,PANİK,96.07508532423208,0.0,0.0,0.0,0.0,71.6,Benzer geçmiş piyasa günleri adayı istatistiksel olarak destekliyor,DISABLED
3,TUKAS,BENZER GÜN AKTİF İZLEME,69.84,88.77,V33_PRESCAN,12,50.0,58.33,91.67,1.15,3.83,6.3,-0.02,2.62,4.72,24.46,-8.24,,0.0,,0.0,,0.0,0.0,VERI YOK,50.0,PANİK,99.48805460750852,0.0,0.0,0.0,0.0,2.19,Benzer geçmiş piyasa günleri adayı istatistiksel olarak destekliyor,DISABLED
4,EREGL,BENZER GÜN AKTİF İZLEME,66.55,87.64,V33_PRESCAN,12,66.67,75.0,75.0,0.32,2.05,3.29,0.36,2.08,3.7,11.37,-10.1,,0.0,,0.0,,0.0,0.0,VERI YOK,50.0,PANİK,92.320819112628,0.0,0.0,0.0,0.0,37.48,Benzer geçmiş piyasa günleri adayı istatistiksel olarak destekliyor,DISABLED
5,LMKDC,BENZER GÜN AKTİF İZLEME,65.41,86.09,V33_PRESCAN,12,66.67,58.33,75.0,1.12,2.42,4.21,1.12,2.15,5.35,12.56,-3.48,,0.0,,0.0,,0.0,0.0,VERI YOK,50.0,PANİK,95.73378839590444,0.0,0.0,0.0,0.0,22.5,Benzer geçmiş piyasa günleri adayı istatistiksel olarak destekliyor,DISABLED
6,TTKOM,BENZER GÜN AKTİF İZLEME,65.36,84.67,V33_PRESCAN,12,50.0,75.0,83.33,-0.01,2.14,2.31,0.08,3.03,2.45,9.35,-10.49,,0.0,,0.0,,0.0,0.0,VERI YOK,50.0,PANİK,91.6382252559727,0.0,0.0,0.0,0.0,53.55,Benzer geçmiş piyasa günleri adayı istatistiksel olarak destekliyor,DISABLED
7,BIMAS,BENZER GÜN AKTİF İZLEME,63.82,85.58,V33_PRESCAN,12,50.0,58.33,75.0,0.47,2.76,4.04,0.47,0.69,4.22,13.85,-5.19,,0.0,,0.0,,0.0,0.0,VERI YOK,50.0,PANİK,97.26962457337883,0.0,0.0,0.0,0.0,426.5,Benzer geçmiş piyasa günleri adayı istatistiksel olarak destekliyor,DISABLED
8,CIMSA,BENZER GÜN AKTİF İZLEME,63.78,92.14,V33_PRESCAN,12,50.0,58.33,75.0,0.49,1.04,2.2,0.3,1.3,2.95,9.2,-4.35,,0.0,,0.0,,0.0,0.0,VERI YOK,50.0,PANİK,95.90443686006826,0.0,0.0,0.0,0.0,42.88,Benzer geçmiş piyasa günleri adayı istatistiksel olarak destekliyor,DISABLED
9,HUNER,BENZER GÜN AKTİF İZLEME,62.95,87.26,V33_PRESCAN,12,41.67,50.0,75.0,1.14,1.08,5.31,-0.13,0.07,5.48,15.2,-6.44,,0.0,,0.0,,0.0,0.0,VERI YOK,50.0,PANİK,99.82935153583618,0.0,0.0,0.0,0.0,4.4,Benzer geçmiş piyasa günleri adayı istatistiksel olarak destekliyor,DISABLED
10,LOGO,BENZER GÜN AKTİF İZLEME,62.85,92.69,V33_PRESCAN,12,41.67,83.33,50.0,0.53,2.99,2.73,-1.05,1.56,0.36,12.64,-2.44,,0.0,,0.0,,0.0,0.0,VERI YOK,50.0,PANİK,98.12286689419795,0.0,0.0,0.0,0.0,140.7,Pozitif gün oranı sınırlı olsa da benzer günlerde ortalama ve medyan getiri güçlü,DISABLED
11,ENTRA,BENZER GÜN AKTİF İZLEME,62.63,83.55,V33_PRESCAN,12,41.67,75.0,75.0,0.57,1.46,1.83,-0.19,1.69,1.99,7.58,-4.67,,0.0,,0.0,,0.0,0.0,VERI YOK,50.0,PANİK,94.19795221843005,0.0,0.0,0.0,0.0,4.06,Benzer geçmiş piyasa günleri adayı istatistiksel olarak destekliyor,DISABLED
12,GLYHO,BENZER GÜN AKTİF İZLEME,62.12,87.29,V33_PRESCAN,12,41.67,58.33,75.0,0.95,0.71,2.63,-0.42,1.57,2.89,11.19,-10.62,,0.0,,0.0,,0.0,0.0,VERI YOK,50.0,PANİK,97.95221843003414,0.0,0.0,0.0,0.0,15.67,Benzer geçmiş piyasa günleri adayı istatistiksel olarak destekliyor,DISABLED
13,KRPLS,BENZER GÜN AKTİF İZLEME,62.01,87.13,V33_PRESCAN,12,41.67,50.0,75.0,0.89,1.93,3.06,-0.27,1.15,1.65,14.81,-2.08,,0.0,,0.0,,0.0,0.0,VERI YOK,50.0,PANİK,90.27303754266212,0.0,0.0,0.0,0.0,11.84,Benzer geçmiş piyasa günleri adayı istatistiksel olarak destekliyor,DISABLED
14,AHGAZ,BENZER GÜN AKTİF İZLEME,62.01,83.6,V33_PRESCAN,12,50.0,66.67,66.67,0.81,2.75,2.51,0.14,3.93,2.77,13.33,-8.62,,0.0,,0.0,,0.0,0.0,VERI YOK,50.0,PANİK,98.97610921501706,0.0,0.0,0.0,0.0,41.48,Benzer geçmiş piyasa günleri adayı istatistiksel olarak destekliyor,DISABLED
15,KRGYO,BENZER GÜN AKTİF İZLEME,61.49,91.92,V33_PRESCAN,12,58.33,58.33,66.67,1.6,-0.53,0.16,1.32,0.51,0.77,10.28,-10.87,,0.0,,0.0,,0.0,0.0,VERI YOK,50.0,PANİK,93.85665529010238,0.0,0.0,0.0,0.0,3.16,Benzer geçmiş piyasa günleri adayı istatistiksel olarak destekliyor,DISABLED
16,MGROS,BENZER GÜN AKTİF İZLEME,60.15,89.09,V33_PRESCAN,12,58.33,50.0,58.33,0.9,1.73,2.12,0.63,1.14,2.99,10.3,-11.49,,0.0,,0.0,,0.0,0.0,VERI YOK,50.0,PANİK,96.9283276450512,0.0,0.0,0.0,0.0,532.0,Benzer geçmiş piyasa günleri adayı istatistiksel olarak destekliyor,DISABLED
17,NUHCM,BENZER GÜN AKTİF İZLEME,60.07,93.94,V33_PRESCAN,12,41.67,58.33,58.33,-0.32,0.88,2.0,-0.27,0.46,1.28,11.46,-3.64,,0.0,,0.0,,0.0,0.0,VERI YOK,50.0,PANİK,93.34470989761093,0.0,0.0,0.0,0.0,206.1,Benzer geçmiş piyasa günleri adayı istatistiksel olarak destekliyor,DISABLED
18,TUCLK,BENZER GÜN AKTİF İZLEME,59.55,84.96,V33_PRESCAN,12,41.67,41.67,66.67,1.03,1.04,4.79,-0.47,-0.48,4.83,28.15,-6.91,,0.0,,0.0,,0.0,0.0,VERI YOK,50.0,PANİK,98.63481228668942,0.0,0.0,0.0,0.0,4.09,Benzer geçmiş piyasa günleri adayı istatistiksel olarak destekliyor,DISABLED
19,PCILT,BENZER GÜN AKTİF İZLEME,58.86,87.49,V33_PRESCAN,12,41.67,58.33,66.67,-0.88,1.01,0.74,-0.91,0.75,4.37,22.13,-30.0,,0.0,,0.0,,0.0,0.0,VERI YOK,50.0,PANİK,95.5631399317406,0.0,0.0,0.0,0.0,31.0,Benzer geçmiş piyasa günleri adayı istatistiksel olarak destekliyor,DISABLED
20,FLAP,BENZER GÜN AKTİF İZLEME,58.74,87.51,V33_PRESCAN,12,41.67,41.67,66.67,0.08,0.85,3.06,-0.68,-0.73,3.32,15.88,-6.16,,0.0,,0.0,,0.0,0.0,VERI YOK,50.0,PANİK,97.7815699658703,0.0,0.0,0.0,0.0,12.37,Benzer geçmiş piyasa günleri adayı istatistiksel olarak destekliyor,DISABLED
21,SOKM,BENZER GÜN AKTİF İZLEME,58.38,88.62,V33_PRESCAN,12,41.67,58.33,58.33,-0.13,1.16,1.17,-0.36,0.62,1.03,16.96,-8.28,,0.0,,0.0,,0.0,0.0,VERI YOK,50.0,PANİK,95.05119453924917,0.0,0.0,0.0,0.0,57.05,Benzer geçmiş piyasa günleri adayı istatistiksel olarak destekliyor,DISABLED
22,TRMET,BENZER GÜN TEYİT BEKLE,65.52,85.1,V33_PRESCAN,12,58.33,66.67,83.33,0.74,2.18,5.15,0.79,2.67,5.05,20.65,-9.15,,0.0,,0.0,,0.0,0.0,YÜKSEK,58.0,PANİK,98.80546075085324,97.65,0.0,0.0,0.0,136.8,Benzer gün görünümü kısmen olumlu fakat aktif izleme için yeterli güven oluşmadı,DISABLED
23,ARCLK,BENZER GÜN TEYİT BEKLE,56.74,90.72,V33_PRESCAN,12,33.33,66.67,50.0,-0.02,0.08,0.2,-0.3,0.56,0.78,7.59,-7.5,,0.0,,0.0,,0.0,0.0,VERI YOK,50.0,PANİK,93.68600682593856,0.0,0.0,0.0,0.0,86.8,Benzer gün görünümü kısmen olumlu fakat aktif izleme için yeterli güven oluşmadı,DISABLED
24,ASELS,BENZER GÜN TEYİT BEKLE,55.74,84.05,V33_PRESCAN,12,50.0,66.67,41.67,0.79,0.69,1.0,-0.24,0.67,-0.32,10.29,-6.5,,0.0,,0.0,,0.0,0.0,VERI YOK,50.0,PANİK,94.36860068259386,0.0,0.0,0.0,0.0,367.25,Benzer gün görünümü kısmen olumlu fakat aktif izleme için yeterli güven oluşmadı,DISABLED
25,TTRAK,BENZER GÜN TEYİT BEKLE,53.71,91.21,V33_PRESCAN,12,41.67,41.67,50.0,-0.99,-0.31,-0.47,-1.36,-0.45,0.13,3.28,-7.37,,0.0,,0.0,,0.0,0.0,VERI YOK,50.0,PANİK,95.3924914675768,0.0,0.0,0.0,0.0,407.75,Benzer gün görünümü kısmen olumlu fakat aktif izleme için yeterli güven oluşmadı,DISABLED
26,CELHA,BENZER GÜN TEYİT BEKLE,51.51,83.63,V33_PRESCAN,12,41.67,50.0,41.67,0.35,-0.59,-0.52,-1.14,-0.23,-1.96,20.43,-29.18,,0.0,,0.0,,0.0,0.0,VERI YOK,50.0,PANİK,98.29351535836176,0.0,0.0,0.0,0.0,27.0,Benzer gün görünümü kısmen olumlu fakat aktif izleme için yeterli güven oluşmadı,DISABLED
27,DOCO,BENZER GÜN TEYİT BEKLE,49.98,86.12,V33_PRESCAN,12,58.33,25.0,33.33,-0.28,0.6,0.36,0.2,-0.63,-0.59,20.83,-11.42,,0.0,,0.0,,0.0,0.0,VERI YOK,50.0,PANİK,93.51535836177474,0.0,0.0,0.0,0.0,10567.5,Benzer gün görünümü kısmen olumlu fakat aktif izleme için yeterli güven oluşmadı,DISABLED
28,ZRGYO,BENZER GÜN TEYİT BEKLE,49.65,89.47,V33_PRESCAN,12,50.0,16.67,41.67,0.49,-1.54,-0.67,0.38,-1.35,-1.18,4.35,-5.86,,0.0,,0.0,,0.0,0.0,VERI YOK,50.0,PANİK,99.65870307167236,0.0,0.0,0.0,0.0,19.6,Benzer gün görünümü kısmen olumlu fakat aktif izleme için yeterli güven oluşmadı,DISABLED
29,DUNYH,BENZER GÜN PASİF,43.97,85.4,V33_PRESCAN,12,8.33,16.67,16.67,0.07,1.14,2.64,0.0,0.0,0.0,30.0,-7.29,,0.0,,0.0,,0.0,0.0,VERI YOK,50.0,PANİK,83.3617747440273,0.0,0.0,0.0,0.0,109.1,Benzer gün istatistikleri aktif takip için yeterli güç üretmedi,DISABLED
30,UMPAS,BENZER GÜN PASİF,36.51,85.4,V33_PRESCAN,12,0.0,0.0,0.0,0.0,0.0,0.0,0.0,0.0,0.0,0.0,0.0,,0.0,,0.0,,0.0,0.0,VERI YOK,50.0,PANİK,83.3617747440273,0.0,0.0,0.0,0.0,9.3,Benzer gün istatistikleri aktif takip için yeterli güç üretmedi,DISABLED
