signal_date,recorded_at,symbol,signal_price,rank,smart_money_score,selection_score,classification,rsi,atr_pct,volume_ratio,volume_accumulation_ratio,up_down_volume_ratio,range_20_pct,close_position,upper_wick_ratio,distance_to_high_20,ema20_distance,return_1d,return_5d_at_signal,return_10d_at_signal,return_20d_at_signal,trend_score,volume_score,compression_score,candle_score,momentum_score,liquidity_score,risk_penalty,positive_reasons,risk_reasons,result_1d,result_3d,result_5d,result_10d,max_result_5d,min_result_5d,max_result_10d,min_result_10d,hit_3pct_5d,hit_5pct_10d,status
2026-09-03,2026-09-03 14:41:39,AKSGY,9.94,1,87,61.4,ELİT ADAY,53.18,2.47,1.37,1.39,1.66,9.65,0.71,0.29,3.87,0.17,0.4,-1.49,-0.2,1.84,20,26,15,6,17,3,0,EMA20 üzerinde | Orta vadeli trend pozitif | EMA20 eğimi yukarı | Hacim ortalamanın üzerinde 1.37x | 10 günlük hacim birikimi güçlü | Yükselen gün hacmi baskın | Fiyat gitmeden sessiz hacim artışı | Güçlü sıkışma %9.7 | Volatilite daralıyor | RSI sağlıklı bölgede 53.2 | 20 günlük dirence yakın,Belirgin risk yok,,,,,,,,,,,bekliyor
2026-09-03,2026-09-03 14:41:39,KZGYO,21.1,2,75,54.4,GÜÇLÜ ADAY,60.85,3.36,2.39,1.64,13.64,12.59,0.55,0.45,-0.67,5.28,3.33,5.18,8.99,6.19,14,30,15,0,15,1,0,EMA20 üzerinde | EMA20 eğimi yukarı | Güçlü hacim 2.39x | 10 günlük hacim birikimi güçlü | Yükselen gün hacmi baskın | Fiyat gitmeden sessiz hacim artışı | Güçlü sıkışma %12.6 | Volatilite daralıyor | RSI sağlıklı bölgede 60.9 | Erken momentum,Belirgin risk yok,,,,,,,,,,,bekliyor
2026-09-03,2026-09-03 14:41:39,VAKFA,11.34,3,76,54.25,GÜÇLÜ ADAY,52.61,2.98,1.18,1.43,3.18,10.98,0.68,0.32,4.95,1.21,3.56,-0.87,3.28,3.09,14,26,10,6,17,3,0,EMA20 üzerinde | EMA20 eğimi yukarı | Hacim ortalamanın üzerinde 1.18x | 10 günlük hacim birikimi güçlü | Yükselen gün hacmi baskın | Fiyat gitmeden sessiz hacim artışı | Güçlü sıkışma %11.0 | RSI sağlıklı bölgede 52.6 | 20 günlük dirence yakın,Belirgin risk yok,,,,,,,,,,,bekliyor
2026-09-02,2026-09-02 14:44:02,INVES,802.0,1,77,54.6,GÜÇLÜ ADAY,55.61,3.98,0.21,1.55,2.44,18.69,0.87,0.13,7.82,1.16,0.82,-6.42,3.48,8.09,20,20,11,10,13,3,0,EMA20 üzerinde | Orta vadeli trend pozitif | EMA20 eğimi yukarı | 10 günlük hacim birikimi güçlü | Yükselen gün hacmi baskın | Fiyat gitmeden sessiz hacim artışı | Kontrollü bant %18.7 | Volatilite daralıyor | Güçlü kapanış | RSI sağlıklı bölgede 55.6,Belirgin risk yok,-0.31,,,,-0.31,-0.31,-0.31,-0.31,0.0,0.0,1g_güncellendi
2026-09-02,2026-09-02 14:44:02,RGYAS,202.8,2,68,48.75,GÜÇLÜ ADAY,46.98,2.63,0.46,1.56,2.72,10.48,0.66,0.34,6.15,-1.59,-0.29,-4.79,-0.88,0.7,14,20,10,6,13,5,0,Orta vadeli trend pozitif | EMA20 eğimi yukarı | 10 günlük hacim birikimi güçlü | Yükselen gün hacmi baskın | Fiyat gitmeden sessiz hacim artışı | Güçlü sıkışma %10.5 | RSI sağlıklı bölgede 47.0,Belirgin risk yok,0.3,,,,0.3,0.3,0.3,0.3,0.0,0.0,1g_güncellendi
2026-09-02,2026-09-02 14:44:02,ADGYO,58.9,3,65,46.8,GÜÇLÜ ADAY,53.84,5.17,0.58,1.17,1.77,28.86,0.96,0.04,10.55,1.28,1.03,-3.05,-1.42,6.99,20,17,5,10,10,3,0,EMA20 üzerinde | Orta vadeli trend pozitif | EMA20 eğimi yukarı | Hacim birikimi var | Yükselen gün hacmi baskın | Fiyat gitmeden sessiz hacim artışı | Volatilite daralıyor | Güçlü kapanış | RSI sağlıklı bölgede 53.8,Belirgin risk yok,-3.23,,,,-3.23,-3.23,-3.23,-3.23,0.0,0.0,1g_güncellendi
2026-09-01,2026-09-01 15:00:14,TURGG,28.92,1,81,57.75,GÜÇLÜ ADAY,65.11,3.75,3.04,1.59,1.94,14.9,0.69,0.31,1.16,5.74,2.7,7.35,3.36,10.64,14,30,10,6,20,1,0,EMA20 üzerinde | EMA20 eğimi yukarı | Güçlü hacim 3.04x | 10 günlük hacim birikimi güçlü | Yükselen gün hacmi baskın | Fiyat gitmeden sessiz hacim artışı | Güçlü sıkışma %14.9 | RSI sağlıklı bölgede 65.1 | Erken momentum | 20 günlük dirence yakın,Belirgin risk yok,1.11,,,,1.11,-1.31,1.11,-1.31,0.0,0.0,1g_güncellendi
2026-09-01,2026-09-01 15:00:14,YIGIT,22.1,2,78,55.1,GÜÇLÜ ADAY,53.68,3.15,0.56,1.44,2.31,11.41,0.74,0.26,4.08,2.02,1.94,2.31,6.05,5.34,14,20,15,6,20,3,0,EMA20 üzerinde | EMA20 eğimi yukarı | 10 günlük hacim birikimi güçlü | Yükselen gün hacmi baskın | Fiyat gitmeden sessiz hacim artışı | Güçlü sıkışma %11.4 | Volatilite daralıyor | RSI sağlıklı bölgede 53.7 | Erken momentum | 20 günlük dirence yakın,Belirgin risk yok,0.0,,,,0.36,0.0,0.36,0.0,0.0,0.0,1g_güncellendi
2026-09-01,2026-09-01 15:00:14,INVES,797.5,3,77,54.6,GÜÇLÜ ADAY,54.67,4.19,0.47,1.55,2.49,19.83,0.95,0.05,8.33,0.69,1.33,-6.34,3.24,8.5,20,20,11,10,13,3,0,EMA20 üzerinde | Orta vadeli trend pozitif | EMA20 eğimi yukarı | 10 günlük hacim birikimi güçlü | Yükselen gün hacmi baskın | Fiyat gitmeden sessiz hacim artışı | Kontrollü bant %19.8 | Volatilite daralıyor | Güçlü kapanış | RSI sağlıklı bölgede 54.7,Belirgin risk yok,-0.13,,,,0.25,-0.13,0.25,-0.13,0.0,0.0,1g_güncellendi
2026-08-31,2026-08-31 17:24:07,KRDMB,137.1,1,93,64.8,ELİT ADAY,56.91,4.18,1.54,1.35,1.66,16.69,0.83,0.17,2.42,3.41,3.08,2.7,4.58,1.93,20,27,11,10,20,5,0,EMA20 üzerinde | Orta vadeli trend pozitif | EMA20 eğimi yukarı | Güçlü hacim 1.54x | Hacim birikimi var | Yükselen gün hacmi baskın | Fiyat gitmeden sessiz hacim artışı | Kontrollü bant %16.7 | Volatilite daralıyor | Güçlü kapanış | RSI sağlıklı bölgede 56.9 | Erken momentum | 20 günlük dirence yakın,Belirgin risk yok,-8.97,-18.67,,,-8.97,-18.67,-8.97,-18.67,0.0,0.0,3g_güncellendi
2026-08-31,2026-08-31 17:24:07,RGYAS,214.8,2,82,58.05,ELİT ADAY,65.43,2.39,1.37,1.43,3.88,10.48,0.68,0.32,-0.05,4.25,2.43,3.52,2.58,7.19,20,26,10,6,15,5,0,EMA20 üzerinde | Orta vadeli trend pozitif | EMA20 eğimi yukarı | Hacim ortalamanın üzerinde 1.37x | 10 günlük hacim birikimi güçlü | Yükselen gün hacmi baskın | Fiyat gitmeden sessiz hacim artışı | Güçlü sıkışma %10.5 | RSI sağlıklı bölgede 65.4 | Erken momentum,Belirgin risk yok,-5.31,-5.31,,,-4.7,-5.31,-4.7,-5.31,0.0,0.0,3g_güncellendi
2026-08-31,2026-08-31 17:24:07,ALKLC,428.0,3,83,56.6,ELİT ADAY,67.6,2.15,1.77,2.37,0.46,9.69,0.55,0.45,2.45,2.35,1.66,0.41,0.59,7.94,20,23,15,0,20,5,0,EMA20 üzerinde | Orta vadeli trend pozitif | EMA20 eğimi yukarı | Güçlü hacim 1.77x | 10 günlük hacim birikimi güçlü | Fiyat gitmeden sessiz hacim artışı | Güçlü sıkışma %9.7 | Volatilite daralıyor | RSI sağlıklı bölgede 67.6 | Erken momentum | 20 günlük dirence yakın,Belirgin risk yok,-0.23,1.05,,,1.05,-0.23,1.05,-0.23,0.0,0.0,3g_güncellendi
2026-08-28,2026-08-28 22:00:16,BIENY,22.6,1,88,61.9,ELİT ADAY,62.19,3.47,1.95,2.34,2.33,18.86,0.82,0.18,3.09,5.23,0.36,6.2,8.65,10.03,14,30,11,10,20,3,0,EMA20 üzerinde | EMA20 eğimi yukarı | Güçlü hacim 1.95x | 10 günlük hacim birikimi güçlü | Yükselen gün hacmi baskın | Fiyat gitmeden sessiz hacim artışı | Kontrollü bant %18.9 | Volatilite daralıyor | Güçlü kapanış | RSI sağlıklı bölgede 62.2 | Erken momentum | 20 günlük dirence yakın,Belirgin risk yok,-2.21,-3.89,,,-2.21,-3.89,-2.21,-3.89,0.0,0.0,3g_güncellendi
2026-08-28,2026-08-28 22:00:16,SKYMD,14.98,2,85,56.3,ELİT ADAY,54.68,4.74,1.52,0.8,3.22,14.32,0.92,0.08,3.29,2.8,4.9,0.2,7.31,5.64,20,17,15,10,20,3,0,EMA20 üzerinde | Orta vadeli trend pozitif | EMA20 eğimi yukarı | Güçlü hacim 1.52x | Yükselen gün hacmi baskın | Güçlü sıkışma %14.3 | Volatilite daralıyor | Güçlü kapanış | RSI sağlıklı bölgede 54.7 | Erken momentum | 20 günlük dirence yakın,Belirgin risk yok,-3.2,4.01,,,4.01,-3.2,4.01,-3.2,1.0,0.0,3g_güncellendi
2026-08-28,2026-08-28 22:00:16,ECILC,78.25,3,81,57.35,GÜÇLÜ ADAY,59.48,3.59,1.64,1.39,1.66,19.62,0.68,0.32,1.63,4.04,2.29,2.89,4.33,14.57,14,30,6,6,20,5,0,EMA20 üzerinde | EMA20 eğimi yukarı | Güçlü hacim 1.64x | 10 günlük hacim birikimi güçlü | Yükselen gün hacmi baskın | Fiyat gitmeden sessiz hacim artışı | Kontrollü bant %19.6 | RSI sağlıklı bölgede 59.5 | Erken momentum | 20 günlük dirence yakın,Belirgin risk yok,-0.64,-7.35,,,-0.64,-8.69,-0.64,-8.69,0.0,0.0,3g_güncellendi
2026-08-27,2026-08-27 20:54:54,BINBN,186.6,1,85,59.95,ELİT ADAY,54.99,4.48,1.21,1.44,2.62,14.3,0.8,0.2,5.09,2.83,3.15,1.91,4.95,4.77,20,26,10,8,18,3,0,EMA20 üzerinde | Orta vadeli trend pozitif | EMA20 eğimi yukarı | Hacim ortalamanın üzerinde 1.21x | 10 günlük hacim birikimi güçlü | Yükselen gün hacmi baskın | Fiyat gitmeden sessiz hacim artışı | Güçlü sıkışma %14.3 | Güçlü kapanış | RSI sağlıklı bölgede 55.0 | Erken momentum,Belirgin risk yok,-2.73,-6.0,-5.63,,-2.73,-6.22,-2.73,-6.22,0.0,0.0,5g_güncellendi
2026-08-27,2026-08-27 20:54:54,BIENY,22.52,2,83,58.9,ELİT ADAY,61.58,3.54,1.65,2.28,2.12,18.86,0.98,0.02,3.43,5.44,2.46,8.27,9.53,11.26,14,30,11,10,15,3,0,EMA20 üzerinde | EMA20 eğimi yukarı | Güçlü hacim 1.65x | 10 günlük hacim birikimi güçlü | Yükselen gün hacmi baskın | Fiyat gitmeden sessiz hacim artışı | Kontrollü bant %18.9 | Volatilite daralıyor | Güçlü kapanış | RSI sağlıklı bölgede 61.6 | 20 günlük dirence yakın,Belirgin risk yok,0.36,-2.31,-3.55,,0.36,-3.55,0.36,-3.55,0.0,0.0,5g_güncellendi
2026-08-27,2026-08-27 20:54:54,AHGAZ,37.04,3,79,56.45,GÜÇLÜ ADAY,66.45,3.37,1.61,1.56,2.35,18.39,0.76,0.24,-1.48,8.54,2.43,9.91,9.26,11.43,20,30,6,8,10,5,0,EMA20 üzerinde | Orta vadeli trend pozitif | EMA20 eğimi yukarı | Güçlü hacim 1.61x | 10 günlük hacim birikimi güçlü | Yükselen gün hacmi baskın | Fiyat gitmeden sessiz hacim artışı | Kontrollü bant %18.4 | Güçlü kapanış | RSI sağlıklı bölgede 66.5,Belirgin risk yok,2.59,3.94,4.1,,4.48,2.54,4.48,2.54,1.0,0.0,5g_güncellendi
2026-08-26,2026-08-26 10:30:49,RGYAS,210.4,1,85,59.25,ELİT ADAY,63.17,2.2,0.07,1.86,2.66,7.62,0.94,0.06,0.05,3.21,0.96,3.24,5.57,5.25,20,20,10,10,20,5,0,EMA20 üzerinde | Orta vadeli trend pozitif | EMA20 eğimi yukarı | 10 günlük hacim birikimi güçlü | Yükselen gün hacmi baskın | Fiyat gitmeden sessiz hacim artışı | Güçlü sıkışma %7.6 | Güçlü kapanış | RSI sağlıklı bölgede 63.2 | Erken momentum | 20 günlük dirence yakın,Belirgin risk yok,-0.33,2.38,-2.71,,2.38,-3.33,2.38,-3.33,0.0,0.0,5g_güncellendi
2026-08-26,2026-08-26 10:30:49,TRGYO,97.1,2,84,58.6,ELİT ADAY,58.25,2.33,0.06,1.59,2.55,9.99,0.88,0.12,0.92,2.86,-0.21,5.14,5.95,1.89,14,20,15,10,20,5,0,EMA20 üzerinde | EMA20 eğimi yukarı | 10 günlük hacim birikimi güçlü | Yükselen gün hacmi baskın | Fiyat gitmeden sessiz hacim artışı | Güçlü sıkışma %10.0 | Volatilite daralıyor | Güçlü kapanış | RSI sağlıklı bölgede 58.2 | Erken momentum | 20 günlük dirence yakın,Belirgin risk yok,0.51,-0.62,-3.24,,0.51,-3.24,0.51,-3.66,0.0,0.0,5g_güncellendi
2026-08-26,2026-08-26 10:30:49,ESCAR,47.76,3,84,58.6,ELİT ADAY,56.18,4.02,0.06,1.44,3.68,13.86,0.97,0.03,2.13,3.14,-0.08,5.9,7.81,1.92,14,20,15,10,20,5,0,EMA20 üzerinde | EMA20 eğimi yukarı | 10 günlük hacim birikimi güçlü | Yükselen gün hacmi baskın | Fiyat gitmeden sessiz hacim artışı | Güçlü sıkışma %13.9 | Volatilite daralıyor | Güçlü kapanış | RSI sağlıklı bölgede 56.2 | Erken momentum | 20 günlük dirence yakın,Belirgin risk yok,-3.94,-10.43,-6.74,,-2.76,-10.43,-2.76,-10.43,0.0,0.0,5g_güncellendi
2026-08-25,2026-08-25 10:30:40,RGYAS,209.3,1,86,60.1,ELİT ADAY,61.72,2.24,0.08,1.89,2.53,7.62,0.71,0.29,0.57,2.97,0.87,3.1,5.23,4.08,20,20,15,6,20,5,0,EMA20 üzerinde | Orta vadeli trend pozitif | EMA20 eğimi yukarı | 10 günlük hacim birikimi güçlü | Yükselen gün hacmi baskın | Fiyat gitmeden sessiz hacim artışı | Güçlü sıkışma %7.6 | Volatilite daralıyor | RSI sağlıklı bölgede 61.7 | Erken momentum | 20 günlük dirence yakın,Belirgin risk yok,1.77,1.53,-2.82,,2.91,-2.82,2.91,-2.82,0.0,0.0,5g_güncellendi
2026-08-25,2026-08-25 10:30:40,INTEM,264.75,2,80,56.4,GÜÇLÜ ADAY,56.4,3.39,0.09,1.48,2.34,15.0,0.94,0.06,2.04,3.25,0.67,0.76,4.85,4.96,14,20,15,10,20,1,0,EMA20 üzerinde | EMA20 eğimi yukarı | 10 günlük hacim birikimi güçlü | Yükselen gün hacmi baskın | Fiyat gitmeden sessiz hacim artışı | Güçlü sıkışma %15.0 | Volatilite daralıyor | Güçlü kapanış | RSI sağlıklı bölgede 56.4 | Erken momentum | 20 günlük dirence yakın,Belirgin risk yok,-1.79,-3.4,-7.2,,-1.79,-7.2,-1.79,-9.05,0.0,0.0,5g_güncellendi
2026-08-25,2026-08-25 10:30:40,BRKVY,79.45,3,78,54.9,GÜÇLÜ ADAY,52.16,3.92,0.04,1.53,3.44,14.53,0.92,0.08,3.99,2.19,2.71,5.58,2.91,0.32,10,20,15,10,20,3,0,EMA20 üzerinde | EMA20 eğimi yukarı | 10 günlük hacim birikimi güçlü | Yükselen gün hacmi baskın | Fiyat gitmeden sessiz hacim artışı | Güçlü sıkışma %14.5 | Volatilite daralıyor | Güçlü kapanış | RSI sağlıklı bölgede 52.2 | Erken momentum | 20 günlük dirence yakın,Belirgin risk yok,9.13,6.99,13.34,,13.34,3.59,16.55,3.59,1.0,1.0,5g_güncellendi
2026-08-24,2026-08-24 10:44:53,FENER,3.25,1,84,58.6,ELİT ADAY,57.65,3.47,0.54,1.44,2.53,13.4,0.8,0.2,1.52,3.82,1.88,6.21,4.17,6.91,14,20,15,10,20,5,0,EMA20 üzerinde | EMA20 eğimi yukarı | 10 günlük hacim birikimi güçlü | Yükselen gün hacmi baskın | Fiyat gitmeden sessiz hacim artışı | Güçlü sıkışma %13.4 | Volatilite daralıyor | Güçlü kapanış | RSI sağlıklı bölgede 57.6 | Erken momentum | 20 günlük dirence yakın,Belirgin risk yok,-3.08,3.08,-3.69,,3.08,-3.69,3.08,-6.15,1.0,0.0,5g_güncellendi
2026-08-24,2026-08-24 10:44:53,INDES,11.61,2,79,55.3,GÜÇLÜ ADAY,64.76,3.62,0.25,1.58,8.06,20.81,1.0,0.0,0.85,7.56,1.57,7.5,17.04,4.5,20,15,11,10,20,3,0,EMA20 üzerinde | Orta vadeli trend pozitif | EMA20 eğimi yukarı | 10 günlük hacim birikimi güçlü | Yükselen gün hacmi baskın | Kontrollü bant %20.8 | Volatilite daralıyor | Güçlü kapanış | RSI sağlıklı bölgede 64.8 | Erken momentum | 20 günlük dirence yakın,Belirgin risk yok,2.15,3.36,2.24,,3.36,2.15,3.36,-1.03,1.0,0.0,5g_güncellendi
2026-08-24,2026-08-24 10:44:53,OYAKC,22.62,3,77,54.15,GÜÇLÜ ADAY,67.08,2.77,0.26,1.24,4.61,12.64,0.94,0.06,-0.35,5.51,2.45,2.72,9.28,11.21,20,17,10,10,15,5,0,EMA20 üzerinde | Orta vadeli trend pozitif | EMA20 eğimi yukarı | Hacim birikimi var | Yükselen gün hacmi baskın | Fiyat gitmeden sessiz hacim artışı | Güçlü sıkışma %12.6 | Güçlü kapanış | RSI sağlıklı bölgede 67.1 | Erken momentum,Belirgin risk yok,1.06,1.77,-0.62,,2.21,-0.62,2.21,-4.77,0.0,0.0,5g_güncellendi
2026-08-21,2026-08-21 10:28:47,UFUK,1934.0,1,83,55.65,ELİT ADAY,64.22,5.0,3.15,3.52,9.77,24.45,0.81,0.19,2.32,7.99,7.09,2.82,10.26,16.79,20,30,0,10,20,3,0,EMA20 üzerinde | Orta vadeli trend pozitif | EMA20 eğimi yukarı | Güçlü hacim 3.15x | 10 günlük hacim birikimi güçlü | Yükselen gün hacmi baskın | Fiyat gitmeden sessiz hacim artışı | Güçlü kapanış | RSI sağlıklı bölgede 64.2 | Erken momentum | 20 günlük dirence yakın,Belirgin risk yok,-5.12,-9.51,-9.51,,-5.12,-11.58,-5.12,-24.66,0.0,0.0,5g_güncellendi
2026-08-21,2026-08-21 10:28:47,FENER,3.2,2,81,56.5,GÜÇLÜ ADAY,54.78,3.64,0.14,1.18,2.04,13.4,1.0,0.0,3.03,2.82,3.23,0.63,6.31,3.56,14,17,15,10,20,5,0,EMA20 üzerinde | EMA20 eğimi yukarı | Hacim birikimi var | Yükselen gün hacmi baskın | Fiyat gitmeden sessiz hacim artışı | Güçlü sıkışma %13.4 | Volatilite daralıyor | Güçlü kapanış | RSI sağlıklı bölgede 54.8 | Erken momentum | 20 günlük dirence yakın,Belirgin risk yok,-2.19,0.31,1.56,,4.69,-2.19,4.69,-4.69,1.0,0.0,5g_güncellendi
2026-08-21,2026-08-21 10:28:47,OYAKC,22.18,3,80,56.25,GÜÇLÜ ADAY,63.47,2.82,0.04,1.39,10.67,10.45,0.83,0.17,-0.36,4.44,1.37,3.07,7.67,6.53,20,20,10,10,15,5,0,EMA20 üzerinde | Orta vadeli trend pozitif | EMA20 eğimi yukarı | 10 günlük hacim birikimi güçlü | Yükselen gün hacmi baskın | Fiyat gitmeden sessiz hacim artışı | Güçlü sıkışma %10.4 | Güçlü kapanış | RSI sağlıklı bölgede 63.5 | Erken momentum,Belirgin risk yok,0.54,4.24,3.7,,4.24,0.54,4.24,-2.89,1.0,0.0,5g_güncellendi
2026-08-20,2026-08-20 10:27:14,RGYAS,206.5,1,90,62.5,ELİT ADAY,58.04,2.4,0.08,1.62,1.53,7.62,0.83,0.17,1.9,2.27,1.32,1.67,2.53,1.28,20,20,15,10,20,5,0,EMA20 üzerinde | Orta vadeli trend pozitif | EMA20 eğimi yukarı | 10 günlük hacim birikimi güçlü | Yükselen gün hacmi baskın | Fiyat gitmeden sessiz hacim artışı | Güçlü sıkışma %7.6 | Volatilite daralıyor | Güçlü kapanış | RSI sağlıklı bölgede 58.0 | Erken momentum | 20 günlük dirence yakın,Belirgin risk yok,0.48,1.45,1.55,-1.5,3.15,0.48,4.31,-1.5,1.0,0.0,tamamlandı
2026-08-20,2026-08-20 10:27:14,DOCO,11615.0,2,83,56.1,ELİT ADAY,59.64,2.52,0.07,1.44,1.16,9.77,0.78,0.22,1.57,2.49,1.26,1.71,1.33,6.51,20,17,15,8,20,3,0,EMA20 üzerinde | Orta vadeli trend pozitif | EMA20 eğimi yukarı | 10 günlük hacim birikimi güçlü | Fiyat gitmeden sessiz hacim artışı | Güçlü sıkışma %9.8 | Volatilite daralıyor | Güçlü kapanış | RSI sağlıklı bölgede 59.6 | Erken momentum | 20 günlük dirence yakın,Belirgin risk yok,-1.72,0.52,0.17,-3.64,1.16,-1.72,1.16,-4.28,0.0,0.0,tamamlandı
2026-08-20,2026-08-20 10:27:14,KCHOL,216.0,3,82,55.4,ELİT ADAY,64.93,2.89,0.09,1.47,1.32,13.49,0.85,0.15,-3.1,6.81,3.9,4.96,4.85,7.2,20,17,15,10,15,5,0,EMA20 üzerinde | Orta vadeli trend pozitif | EMA20 eğimi yukarı | 10 günlük hacim birikimi güçlü | Fiyat gitmeden sessiz hacim artışı | Güçlü sıkışma %13.5 | Volatilite daralıyor | Güçlü kapanış | RSI sağlıklı bölgede 64.9 | Erken momentum,Belirgin risk yok,2.96,0.69,-0.83,-0.23,2.96,-0.83,2.96,-1.39,0.0,0.0,tamamlandı
2026-08-19,2026-08-19 10:24:57,RGYAS,203.5,1,80,56.5,GÜÇLÜ ADAY,54.23,2.44,0.03,1.66,1.51,7.62,0.57,0.43,3.33,1.04,0.25,2.11,2.78,0.25,20,20,15,0,20,5,0,EMA20 üzerinde | Orta vadeli trend pozitif | EMA20 eğimi yukarı | 10 günlük hacim birikimi güçlü | Yükselen gün hacmi baskın | Fiyat gitmeden sessiz hacim artışı | Güçlü sıkışma %7.6 | Volatilite daralıyor | RSI sağlıklı bölgede 54.2 | Erken momentum | 20 günlük dirence yakın,Belirgin risk yok,0.54,2.41,4.67,0.59,4.67,0.54,5.85,-0.05,1.0,1.0,tamamlandı
2026-08-19,2026-08-19 10:24:57,OYAKC,21.54,2,80,56.2,GÜÇLÜ ADAY,56.42,3.02,0.02,1.4,9.77,9.95,0.67,0.33,2.53,2.22,-2.18,3.36,4.66,6.63,14,20,15,6,20,5,0,EMA20 üzerinde | EMA20 eğimi yukarı | 10 günlük hacim birikimi güçlü | Yükselen gün hacmi baskın | Fiyat gitmeden sessiz hacim artışı | Güçlü sıkışma %10.0 | Volatilite daralıyor | RSI sağlıklı bölgede 56.4 | Erken momentum | 20 günlük dirence yakın,Belirgin risk yok,2.79,3.53,7.34,1.67,7.34,2.51,7.34,0.74,1.0,1.0,tamamlandı
2026-08-19,2026-08-19 10:24:57,DOCO,11432.5,3,78,55.4,GÜÇLÜ ADAY,55.21,2.61,0.04,1.45,1.87,9.77,0.58,0.42,3.11,1.18,-0.93,3.04,0.29,4.86,20,20,15,0,20,3,0,EMA20 üzerinde | Orta vadeli trend pozitif | EMA20 eğimi yukarı | 10 günlük hacim birikimi güçlü | Yükselen gün hacmi baskın | Fiyat gitmeden sessiz hacim artışı | Güçlü sıkışma %9.8 | Volatilite daralıyor | RSI sağlıklı bölgede 55.2 | Erken momentum | 20 günlük dirence yakın,Belirgin risk yok,-0.5,1.12,2.78,-2.76,2.78,-0.5,2.78,-2.76,0.0,0.0,tamamlandı
2026-08-18,2026-08-18 10:24:30,KCHOL,205.6,1,90,62.5,ELİT ADAY,56.91,2.94,0.04,1.61,1.87,9.97,0.93,0.07,1.86,2.79,-0.77,0.83,4.52,4.37,20,20,15,10,20,5,0,EMA20 üzerinde | Orta vadeli trend pozitif | EMA20 eğimi yukarı | 10 günlük hacim birikimi güçlü | Yükselen gün hacmi baskın | Fiyat gitmeden sessiz hacim artışı | Güçlü sıkışma %10.0 | Volatilite daralıyor | Güçlü kapanış | RSI sağlıklı bölgede 56.9 | Erken momentum | 20 günlük dirence yakın,Belirgin risk yok,4.38,8.17,5.79,4.43,8.17,4.38,8.17,4.09,1.0,1.0,tamamlandı
2026-08-18,2026-08-18 10:24:30,DOCO,11495.0,2,85,59.3,ELİT ADAY,57.16,2.63,0.06,1.32,2.73,9.77,0.91,0.09,2.58,1.9,-0.97,2.77,1.91,4.12,20,17,15,10,20,3,0,EMA20 üzerinde | Orta vadeli trend pozitif | EMA20 eğimi yukarı | Hacim birikimi var | Yükselen gün hacmi baskın | Fiyat gitmeden sessiz hacim artışı | Güçlü sıkışma %9.8 | Volatilite daralıyor | Güçlü kapanış | RSI sağlıklı bölgede 57.2 | Erken momentum | 20 günlük dirence yakın,Belirgin risk yok,0.13,-0.7,1.57,-1.78,1.57,-1.04,2.22,-1.78,0.0,0.0,tamamlandı
2026-08-18,2026-08-18 10:24:30,OYAKC,21.88,3,84,58.6,ELİT ADAY,63.23,2.88,0.03,1.35,9.54,9.45,0.82,0.18,0.55,4.23,0.27,5.7,7.89,8.0,14,20,15,10,20,5,0,EMA20 üzerinde | EMA20 eğimi yukarı | 10 günlük hacim birikimi güçlü | Yükselen gün hacmi baskın | Fiyat gitmeden sessiz hacim artışı | Güçlü sıkışma %9.5 | Volatilite daralıyor | Güçlü kapanış | RSI sağlıklı bölgede 63.2 | Erken momentum | 20 günlük dirence yakın,Belirgin risk yok,-0.0,0.91,4.48,-0.82,4.48,-0.0,5.67,-0.82,1.0,1.0,tamamlandı
2026-08-17,2026-08-17 10:38:55,YGGYO,237.5,1,80,56.35,GÜÇLÜ ADAY,58.68,3.27,0.04,1.39,2.01,13.96,0.93,0.07,1.04,3.43,0.68,-0.84,6.36,8.3,20,20,10,10,17,3,0,EMA20 üzerinde | Orta vadeli trend pozitif | EMA20 eğimi yukarı | 10 günlük hacim birikimi güçlü | Yükselen gün hacmi baskın | Fiyat gitmeden sessiz hacim artışı | Güçlü sıkışma %14.0 | Güçlü kapanış | RSI sağlıklı bölgede 58.7 | 20 günlük dirence yakın,Belirgin risk yok,-7.58,-5.73,-6.4,-1.52,-4.72,-7.58,-1.52,-7.58,0.0,0.0,tamamlandı
2026-08-17,2026-08-17 10:38:55,TSPOR,1.03,2,78,54.85,GÜÇLÜ ADAY,63.08,3.92,0.08,2.21,1.89,17.39,1.0,0.0,4.63,4.42,0.98,0.0,11.96,9.57,20,20,6,10,17,5,0,EMA20 üzerinde | Orta vadeli trend pozitif | EMA20 eğimi yukarı | 10 günlük hacim birikimi güçlü | Yükselen gün hacmi baskın | Fiyat gitmeden sessiz hacim artışı | Kontrollü bant %17.4 | Güçlü kapanış | RSI sağlıklı bölgede 63.1 | 20 günlük dirence yakın,Belirgin risk yok,4.85,8.74,13.59,5.83,13.59,3.88,21.36,3.88,1.0,1.0,tamamlandı
2026-08-17,2026-08-17 10:38:55,ANSGR,28.84,3,79,53.35,GÜÇLÜ ADAY,58.03,2.71,0.03,1.72,1.35,13.54,1.0,0.0,2.83,2.3,0.56,-1.84,5.72,3.07,20,17,10,10,17,5,0,EMA20 üzerinde | Orta vadeli trend pozitif | EMA20 eğimi yukarı | 10 günlük hacim birikimi güçlü | Fiyat gitmeden sessiz hacim artışı | Güçlü sıkışma %13.5 | Güçlü kapanış | RSI sağlıklı bölgede 58.0 | 20 günlük dirence yakın,Belirgin risk yok,-2.57,-1.6,-1.8,-5.69,-1.18,-2.57,-1.18,-5.76,0.0,0.0,tamamlandı
2026-08-14,2026-08-14 11:01:20,KCHOL,204.3,1,90,62.5,ELİT ADAY,56.74,2.98,0.18,1.5,1.9,9.36,1.0,0.0,1.21,2.77,-0.73,4.29,5.53,6.68,20,20,15,10,20,5,0,EMA20 üzerinde | Orta vadeli trend pozitif | EMA20 eğimi yukarı | 10 günlük hacim birikimi güçlü | Yükselen gün hacmi baskın | Fiyat gitmeden sessiz hacim artışı | Güçlü sıkışma %9.4 | Volatilite daralıyor | Güçlü kapanış | RSI sağlıklı bölgede 56.7 | Erken momentum | 20 günlük dirence yakın,Belirgin risk yok,0.64,5.04,8.86,4.75,8.86,0.64,8.86,0.64,1.0,1.0,tamamlandı
2026-08-14,2026-08-14 11:01:20,YGGYO,231.9,2,84,59.0,ELİT ADAY,54.26,3.29,0.2,1.38,3.18,13.96,0.69,0.31,3.38,1.62,-2.07,1.93,8.52,6.13,20,20,15,6,20,3,0,EMA20 üzerinde | Orta vadeli trend pozitif | EMA20 eğimi yukarı | 10 günlük hacim birikimi güçlü | Yükselen gün hacmi baskın | Fiyat gitmeden sessiz hacim artışı | Güçlü sıkışma %14.0 | Volatilite daralıyor | RSI sağlıklı bölgede 54.3 | Erken momentum | 20 günlük dirence yakın,Belirgin risk yok,3.06,-4.7,-2.41,-3.28,3.06,-5.35,3.06,-5.35,1.0,0.0,tamamlandı
2026-08-14,2026-08-14 11:01:20,KRGYO,2.71,3,80,56.3,GÜÇLÜ ADAY,60.27,3.62,0.56,1.99,1.62,14.58,0.79,0.21,1.45,5.16,4.23,7.97,8.4,7.11,14,20,15,8,20,3,0,EMA20 üzerinde | EMA20 eğimi yukarı | 10 günlük hacim birikimi güçlü | Yükselen gün hacmi baskın | Fiyat gitmeden sessiz hacim artışı | Güçlü sıkışma %14.6 | Volatilite daralıyor | Güçlü kapanış | RSI sağlıklı bölgede 60.3 | Erken momentum | 20 günlük dirence yakın,Belirgin risk yok,6.64,2.21,2.58,18.08,6.64,2.21,18.45,2.21,1.0,1.0,tamamlandı
2026-08-13,2026-08-13 11:04:23,ANSGR,29.1,1,85,59.25,ELİT ADAY,61.1,2.85,0.1,1.65,1.84,13.54,0.91,0.09,1.95,3.93,3.19,2.75,7.78,4.68,20,20,10,10,20,5,0,EMA20 üzerinde | Orta vadeli trend pozitif | EMA20 eğimi yukarı | 10 günlük hacim birikimi güçlü | Yükselen gün hacmi baskın | Fiyat gitmeden sessiz hacim artışı | Güçlü sıkışma %13.5 | Güçlü kapanış | RSI sağlıklı bölgede 61.1 | Erken momentum | 20 günlük dirence yakın,Belirgin risk yok,-1.44,-3.44,-2.47,-6.6,-1.44,-3.44,-1.44,-6.6,0.0,0.0,tamamlandı
2026-08-13,2026-08-13 11:04:23,OYAKC,21.6,2,81,56.5,GÜÇLÜ ADAY,60.37,3.11,0.26,1.28,2.65,9.23,0.8,0.2,0.18,4.17,3.65,6.61,3.35,8.76,14,17,15,10,20,5,0,EMA20 üzerinde | EMA20 eğimi yukarı | Hacim birikimi var | Yükselen gün hacmi baskın | Fiyat gitmeden sessiz hacim artışı | Güçlü sıkışma %9.2 | Volatilite daralıyor | Güçlü kapanış | RSI sağlıklı bölgede 60.4 | Erken momentum | 20 günlük dirence yakın,Belirgin risk yok,1.02,-0.19,2.5,6.57,2.5,-0.19,7.04,-0.19,0.0,1.0,tamamlandı
2026-08-13,2026-08-13 11:04:23,KRGYO,2.63,3,79,55.4,GÜÇLÜ ADAY,55.35,3.48,0.11,1.29,1.69,14.58,1.0,0.0,4.36,2.5,-2.95,3.14,5.2,4.78,14,17,15,10,20,3,0,EMA20 üzerinde | EMA20 eğimi yukarı | Hacim birikimi var | Yükselen gün hacmi baskın | Fiyat gitmeden sessiz hacim artışı | Güçlü sıkışma %14.6 | Volatilite daralıyor | Güçlü kapanış | RSI sağlıklı bölgede 55.4 | Erken momentum | 20 günlük dirence yakın,Belirgin risk yok,9.13,9.13,7.22,21.67,9.89,5.32,22.05,5.32,1.0,1.0,tamamlandı
2026-08-12,2026-08-12 11:03:20,YGGYO,239.4,1,85,59.3,ELİT ADAY,64.5,3.1,0.08,1.21,2.28,14.72,0.8,0.2,0.25,5.84,-0.04,7.45,10.58,9.57,20,17,15,10,20,3,0,EMA20 üzerinde | Orta vadeli trend pozitif | EMA20 eğimi yukarı | Hacim birikimi var | Yükselen gün hacmi baskın | Fiyat gitmeden sessiz hacim artışı | Güçlü sıkışma %14.7 | Volatilite daralıyor | Güçlü kapanış | RSI sağlıklı bölgede 64.5 | Erken momentum | 20 günlük dirence yakın,Belirgin risk yok,-3.76,-0.17,-7.69,-6.18,-0.17,-8.31,-0.17,-8.31,0.0,0.0,tamamlandı
2026-08-12,2026-08-12 11:03:20,TAVHL,278.0,2,78,54.7,GÜÇLÜ ADAY,53.67,3.18,0.2,1.22,1.64,12.38,0.87,0.13,2.8,1.61,1.74,-2.8,3.73,7.03,14,17,15,10,17,5,0,EMA20 üzerinde | EMA20 eğimi yukarı | Hacim birikimi var | Yükselen gün hacmi baskın | Fiyat gitmeden sessiz hacim artışı | Güçlü sıkışma %12.4 | Volatilite daralıyor | Güçlü kapanış | RSI sağlıklı bölgede 53.7 | 20 günlük dirence yakın,Belirgin risk yok,0.27,0.54,1.17,2.25,1.17,-0.72,2.61,-0.72,0.0,0.0,tamamlandı
2026-08-12,2026-08-12 11:03:20,OYAKC,21.18,3,76,53.25,GÜÇLÜ ADAY,55.92,3.01,0.21,1.26,1.6,10.3,0.95,0.05,2.13,2.44,2.32,2.92,1.15,6.27,14,17,10,10,20,5,0,EMA20 üzerinde | EMA20 eğimi yukarı | Hacim birikimi var | Yükselen gün hacmi baskın | Fiyat gitmeden sessiz hacim artışı | Güçlü sıkışma %10.3 | Güçlü kapanış | RSI sağlıklı bölgede 55.9 | Erken momentum | 20 günlük dirence yakın,Belirgin risk yok,1.61,3.97,3.31,9.16,3.97,1.61,9.16,1.61,1.0,1.0,tamamlandı
2026-08-11,2026-08-11 10:51:01,BFREN,133.6,1,75,53.65,GÜÇLÜ ADAY,58.92,3.12,1.89,1.72,2.16,14.81,0.62,0.38,4.78,3.97,6.2,7.66,2.93,1.6,6,30,10,6,20,3,0,EMA20 üzerinde | Güçlü hacim 1.89x | 10 günlük hacim birikimi güçlü | Yükselen gün hacmi baskın | Fiyat gitmeden sessiz hacim artışı | Güçlü sıkışma %14.8 | RSI sağlıklı bölgede 58.9 | Erken momentum | 20 günlük dirence yakın,Belirgin risk yok,-2.4,-2.25,-3.67,-3.44,-2.1,-3.67,-1.5,-3.67,0.0,0.0,tamamlandı
2026-08-11,2026-08-11 10:51:01,ZRGYO,18.88,2,75,50.6,GÜÇLÜ ADAY,60.86,3.19,0.34,1.84,0.1,11.1,0.85,0.15,1.2,4.6,5.95,3.45,5.18,4.6,14,13,15,10,20,3,0,EMA20 üzerinde | EMA20 eğimi yukarı | 10 günlük hacim birikimi güçlü | Fiyat gitmeden sessiz hacim artışı | Güçlü sıkışma %11.1 | Volatilite daralıyor | Güçlü kapanış | RSI sağlıklı bölgede 60.9 | Erken momentum | 20 günlük dirence yakın,Belirgin risk yok,4.45,3.44,3.28,4.18,5.08,3.28,5.19,3.23,1.0,1.0,tamamlandı
2026-08-11,2026-08-11 10:51:01,AKCNS,250.5,3,70,46.3,GÜÇLÜ ADAY,67.95,2.63,0.43,0.31,1.56,8.07,1.0,0.0,-2.45,6.21,5.96,6.1,5.79,6.73,20,7,15,10,15,3,0,EMA20 üzerinde | Orta vadeli trend pozitif | EMA20 eğimi yukarı | Yükselen gün hacmi baskın | Güçlü sıkışma %8.1 | Volatilite daralıyor | Güçlü kapanış | RSI sağlıklı bölgede 68.0 | Erken momentum,Belirgin risk yok,-1.48,-3.51,-2.83,-4.23,-1.48,-3.99,-1.48,-4.23,0.0,0.0,tamamlandı
2026-08-10,2026-08-10 11:18:29,ANSGR,29.14,1,77,52.15,GÜÇLÜ ADAY,67.94,2.58,0.26,1.68,1.35,11.86,0.82,0.18,-1.53,4.72,1.89,6.82,6.74,4.44,20,17,10,10,15,5,0,EMA20 üzerinde | Orta vadeli trend pozitif | EMA20 eğimi yukarı | 10 günlük hacim birikimi güçlü | Fiyat gitmeden sessiz hacim artışı | Güçlü sıkışma %11.9 | Güçlü kapanış | RSI sağlıklı bölgede 67.9 | Erken momentum,Belirgin risk yok,-3.23,-1.17,-2.54,-2.81,-0.69,-3.23,-0.69,-3.57,0.0,0.0,tamamlandı
2026-08-10,2026-08-10 11:18:29,OYAKC,21.02,2,71,50.35,GÜÇLÜ ADAY,53.94,3.04,0.45,1.36,1.66,10.3,0.72,0.28,2.87,1.77,1.74,3.65,3.34,4.06,10,20,10,6,20,5,0,EMA20 üzerinde | 10 günlük hacim birikimi güçlü | Yükselen gün hacmi baskın | Fiyat gitmeden sessiz hacim artışı | Güçlü sıkışma %10.3 | RSI sağlıklı bölgede 53.9 | Erken momentum | 20 günlük dirence yakın,Belirgin risk yok,-0.86,2.38,4.76,6.09,4.76,-0.86,6.09,-0.86,1.0,1.0,tamamlandı
2026-08-10,2026-08-10 11:18:29,AKCNS,239.8,3,75,49.3,GÜÇLÜ ADAY,59.35,2.45,0.31,0.31,1.53,5.48,0.84,0.16,1.92,2.11,1.44,1.57,1.27,2.17,20,7,15,10,20,3,0,EMA20 üzerinde | Orta vadeli trend pozitif | EMA20 eğimi yukarı | Yükselen gün hacmi baskın | Güçlü sıkışma %5.5 | Volatilite daralıyor | Güçlü kapanış | RSI sağlıklı bölgede 59.3 | Erken momentum | 20 günlük dirence yakın,Belirgin risk yok,2.96,2.42,0.29,0.08,2.96,0.29,2.96,0.08,0.0,0.0,tamamlandı
2026-08-07,2026-08-07 10:55:41,TAVHL,273.25,1,71,50.5,GÜÇLÜ ADAY,50.38,3.61,0.17,1.28,2.53,12.38,0.53,0.47,4.46,0.22,-3.79,0.55,-0.73,0.37,14,17,15,0,20,5,0,EMA20 üzerinde | EMA20 eğimi yukarı | Hacim birikimi var | Yükselen gün hacmi baskın | Fiyat gitmeden sessiz hacim artışı | Güçlü sıkışma %12.4 | Volatilite daralıyor | RSI sağlıklı bölgede 50.4 | Erken momentum | 20 günlük dirence yakın,Belirgin risk yok,0.0,2.1,1.01,2.38,2.1,0.0,2.93,0.0,0.0,0.0,tamamlandı
2026-08-07,2026-08-07 10:55:41,BAGFS,24.76,2,65,47.0,GÜÇLÜ ADAY,47.54,3.57,0.14,1.98,4.67,10.69,0.63,0.37,3.58,0.51,2.65,5.99,-1.12,-1.9,6,20,15,6,17,1,0,EMA20 üzerinde | 10 günlük hacim birikimi güçlü | Yükselen gün hacmi baskın | Fiyat gitmeden sessiz hacim artışı | Güçlü sıkışma %10.7 | Volatilite daralıyor | RSI sağlıklı bölgede 47.5 | Erken momentum | 20 günlük dirence yakın,Belirgin risk yok,-3.47,-3.72,0.32,8.48,0.32,-3.88,11.39,-3.88,0.0,1.0,tamamlandı
2026-08-07,2026-08-07 10:55:41,ENJSA,114.7,3,67,45.55,GÜÇLÜ ADAY,66.68,2.97,0.21,1.91,1.05,16.15,0.76,0.24,-0.61,6.07,1.5,6.01,4.75,9.76,20,13,6,8,15,5,0,EMA20 üzerinde | Orta vadeli trend pozitif | EMA20 eğimi yukarı | 10 günlük hacim birikimi güçlü | Fiyat gitmeden sessiz hacim artışı | Kontrollü bant %16.1 | Güçlü kapanış | RSI sağlıklı bölgede 66.7 | Erken momentum,Belirgin risk yok,-1.39,-6.71,-7.41,-3.75,-1.39,-7.41,-1.39,-7.41,0.0,0.0,tamamlandı
2026-08-06,2026-08-06 12:27:59,TMPOL,460.75,1,75,53.3,GÜÇLÜ ADAY,58.44,4.94,0.03,1.95,4.95,19.46,0.63,0.37,5.29,3.92,0.05,9.44,4.78,8.48,20,20,11,6,13,5,0,EMA20 üzerinde | Orta vadeli trend pozitif | EMA20 eğimi yukarı | 10 günlük hacim birikimi güçlü | Yükselen gün hacmi baskın | Fiyat gitmeden sessiz hacim artışı | Kontrollü bant %19.5 | Volatilite daralıyor | RSI sağlıklı bölgede 58.4,Belirgin risk yok,2.98,2.88,16.22,23.82,16.22,2.88,26.42,2.5,1.0,1.0,tamamlandı
2026-08-06,2026-08-06 12:27:59,ISFIN,20.06,2,72,51.5,GÜÇLÜ ADAY,61.2,2.15,0.06,1.71,3.44,7.04,0.58,0.42,1.57,1.81,0.3,2.82,3.3,2.71,14,20,15,0,20,3,0,EMA20 üzerinde | EMA20 eğimi yukarı | 10 günlük hacim birikimi güçlü | Yükselen gün hacmi baskın | Fiyat gitmeden sessiz hacim artışı | Güçlü sıkışma %7.0 | Volatilite daralıyor | RSI sağlıklı bölgede 61.2 | Erken momentum | 20 günlük dirence yakın,Belirgin risk yok,0.2,-0.2,3.19,-0.7,3.39,-0.3,3.39,-0.7,1.0,0.0,tamamlandı
2026-08-06,2026-08-06 12:27:59,IZFAS,66.55,3,70,49.75,GÜÇLÜ ADAY,55.45,5.59,0.03,1.61,2.09,28.67,1.0,0.0,11.21,3.05,0.83,3.18,6.57,5.3,20,20,0,10,15,5,0,EMA20 üzerinde | Orta vadeli trend pozitif | EMA20 eğimi yukarı | 10 günlük hacim birikimi güçlü | Yükselen gün hacmi baskın | Fiyat gitmeden sessiz hacim artışı | Güçlü kapanış | RSI sağlıklı bölgede 55.5 | Erken momentum,Belirgin risk yok,3.31,-3.16,-6.91,-18.78,3.31,-6.91,3.31,-21.79,1.0,0.0,tamamlandı
2026-08-05,2026-08-05 12:24:04,TMPOL,468.5,1,81,56.9,GÜÇLÜ ADAY,61.63,5.07,0.21,2.08,8.15,15.41,0.9,0.1,0.32,6.54,0.86,9.46,8.89,4.52,20,20,11,10,15,5,0,EMA20 üzerinde | Orta vadeli trend pozitif | EMA20 eğimi yukarı | 10 günlük hacim birikimi güçlü | Yükselen gün hacmi baskın | Fiyat gitmeden sessiz hacim artışı | Kontrollü bant %15.4 | Volatilite daralıyor | Güçlü kapanış | RSI sağlıklı bölgede 61.6 | 20 günlük dirence yakın,Belirgin risk yok,5.07,2.88,3.95,10.78,5.07,1.17,24.33,0.8,1.0,1.0,tamamlandı
2026-08-05,2026-08-05 12:24:04,ENJSA,111.2,2,79,55.35,GÜÇLÜ ADAY,61.29,2.91,0.57,1.89,1.72,12.82,0.92,0.08,0.54,3.91,0.91,5.4,4.12,6.92,14,20,10,10,20,5,0,EMA20 üzerinde | EMA20 eğimi yukarı | 10 günlük hacim birikimi güçlü | Yükselen gün hacmi baskın | Fiyat gitmeden sessiz hacim artışı | Güçlü sıkışma %12.8 | Güçlü kapanış | RSI sağlıklı bölgede 61.3 | Erken momentum | 20 günlük dirence yakın,Belirgin risk yok,1.98,1.71,-3.78,-0.18,1.98,-3.78,1.98,-4.5,0.0,0.0,tamamlandı
2026-08-05,2026-08-05 12:24:04,RYSAS,23.2,3,73,51.55,GÜÇLÜ ADAY,58.54,5.54,0.23,5.66,1.85,29.89,0.86,0.14,8.59,5.92,1.93,6.32,10.37,12.29,20,20,0,10,18,5,0,EMA20 üzerinde | Orta vadeli trend pozitif | EMA20 eğimi yukarı | 10 günlük hacim birikimi güçlü | Yükselen gün hacmi baskın | Fiyat gitmeden sessiz hacim artışı | Güçlü kapanış | RSI sağlıklı bölgede 58.5 | Erken momentum,Belirgin risk yok,10.34,5.43,1.47,-4.48,10.69,1.47,10.69,-4.48,1.0,1.0,tamamlandı
2026-08-04,2026-08-04 12:25:42,ISFIN,20.06,1,78,55.1,GÜÇLÜ ADAY,60.98,2.27,0.43,1.7,1.52,6.72,0.61,0.39,1.28,2.14,0.65,4.21,2.09,2.19,14,20,15,6,20,3,0,EMA20 üzerinde | EMA20 eğimi yukarı | 10 günlük hacim birikimi güçlü | Yükselen gün hacmi baskın | Fiyat gitmeden sessiz hacim artışı | Güçlü sıkışma %6.7 | Volatilite daralıyor | RSI sağlıklı bölgede 61.0 | Erken momentum | 20 günlük dirence yakın,Belirgin risk yok,-0.3,0.2,-0.2,1.6,0.2,-0.3,3.39,-0.3,0.0,0.0,tamamlandı
2026-08-04,2026-08-04 12:25:42,KMPUR,21.16,2,74,50.55,GÜÇLÜ ADAY,59.67,5.32,1.2,1.75,1.25,26.93,0.82,0.18,5.87,6.73,5.06,4.65,7.79,14.25,20,23,0,10,18,3,0,EMA20 üzerinde | Orta vadeli trend pozitif | EMA20 eğimi yukarı | Hacim ortalamanın üzerinde 1.20x | 10 günlük hacim birikimi güçlü | Fiyat gitmeden sessiz hacim artışı | Güçlü kapanış | RSI sağlıklı bölgede 59.7 | Erken momentum,Belirgin risk yok,-0.76,7.84,9.17,3.97,9.17,-0.76,9.17,-0.76,1.0,1.0,tamamlandı
2026-08-04,2026-08-04 12:25:42,BAHKM,121.2,3,65,46.55,GÜÇLÜ ADAY,54.36,5.27,0.4,1.34,3.64,25.69,0.83,0.17,10.88,2.3,-0.25,3.5,4.39,4.3,20,17,0,10,15,3,0,EMA20 üzerinde | Orta vadeli trend pozitif | EMA20 eğimi yukarı | Hacim birikimi var | Yükselen gün hacmi baskın | Fiyat gitmeden sessiz hacim artışı | Güçlü kapanış | RSI sağlıklı bölgede 54.4 | Erken momentum,Belirgin risk yok,2.97,-6.52,-2.72,0.83,2.97,-6.52,4.62,-6.52,0.0,0.0,tamamlandı
2026-08-03,2026-08-03 13:27:32,GOZDE,23.98,1,70,46.3,GÜÇLÜ ADAY,58.27,3.41,0.96,0.62,1.81,14.69,0.91,0.09,5.37,3.49,2.48,4.35,5.18,-2.91,20,7,15,10,15,3,0,EMA20 üzerinde | Orta vadeli trend pozitif | EMA20 eğimi yukarı | Yükselen gün hacmi baskın | Güçlü sıkışma %14.7 | Volatilite daralıyor | Güçlü kapanış | RSI sağlıklı bölgede 58.3 | Erken momentum,Belirgin risk yok,7.59,6.26,13.43,-8.34,13.43,4.75,13.43,-8.34,1.0,1.0,tamamlandı
2026-08-03,2026-08-03 13:27:32,PRZMA,71.55,2,66,44.3,GÜÇLÜ ADAY,58.45,7.55,3.2,0.62,1.88,23.08,0.92,0.08,10.56,3.99,2.21,-2.65,2.73,-6.53,20,17,5,10,9,5,0,EMA20 üzerinde | Orta vadeli trend pozitif | EMA20 eğimi yukarı | Güçlü hacim 3.20x | Yükselen gün hacmi baskın | Volatilite daralıyor | Güçlü kapanış | RSI sağlıklı bölgede 58.5,Belirgin risk yok,-3.84,-9.15,-14.12,10.69,-3.84,-14.12,10.69,-19.15,0.0,1.0,tamamlandı
2026-08-03,2026-08-03 13:27:32,CATES,48.62,3,65,43.45,GÜÇLÜ ADAY,72.81,4.3,0.43,1.34,2.93,23.0,0.96,0.04,0.33,8.7,5.88,7.28,8.0,17.78,20,17,0,10,13,5,0,EMA20 üzerinde | Orta vadeli trend pozitif | EMA20 eğimi yukarı | Hacim birikimi var | Yükselen gün hacmi baskın | Fiyat gitmeden sessiz hacim artışı | Güçlü kapanış | Erken momentum | 20 günlük dirence yakın,Belirgin risk yok,0.49,1.52,2.34,11.58,2.34,0.49,11.58,-1.69,0.0,1.0,tamamlandı
2026-07-31,2026-07-31 12:29:25,ANHYT,110.8,1,72,51.35,GÜÇLÜ ADAY,71.05,2.77,0.4,1.81,6.73,16.65,0.9,0.1,1.77,5.67,1.28,4.63,7.89,8.1,20,20,6,10,13,3,0,EMA20 üzerinde | Orta vadeli trend pozitif | EMA20 eğimi yukarı | 10 günlük hacim birikimi güçlü | Yükselen gün hacmi baskın | Fiyat gitmeden sessiz hacim artışı | Kontrollü bant %16.6 | Güçlü kapanış | Erken momentum | 20 günlük dirence yakın,Belirgin risk yok,3.88,10.56,0.99,-3.25,10.56,0.99,10.56,-3.25,1.0,1.0,tamamlandı
2026-07-31,2026-07-31 12:29:25,TAVHL,272.0,2,68,48.3,GÜÇLÜ ADAY,51.39,3.38,0.48,1.24,2.3,11.49,0.91,0.09,5.47,1.01,1.59,4.82,2.45,-3.46,6,17,15,10,15,5,0,EMA20 üzerinde | Hacim birikimi var | Yükselen gün hacmi baskın | Fiyat gitmeden sessiz hacim artışı | Güçlü sıkışma %11.5 | Volatilite daralıyor | Güçlü kapanış | RSI sağlıklı bölgede 51.4 | Erken momentum,Belirgin risk yok,2.21,4.41,1.29,1.47,5.15,0.55,5.15,0.46,1.0,1.0,tamamlandı
2026-07-31,2026-07-31 12:29:25,GENIL,9.28,3,72,45.1,GÜÇLÜ ADAY,52.78,4.27,0.31,0.72,1.2,14.63,1.0,0.0,5.98,1.05,2.54,0.76,0.43,0.98,20,4,15,10,18,5,0,EMA20 üzerinde | Orta vadeli trend pozitif | EMA20 eğimi yukarı | Güçlü sıkışma %14.6 | Volatilite daralıyor | Güçlü kapanış | RSI sağlıklı bölgede 52.8 | Erken momentum,Belirgin risk yok,0.9,4.2,5.06,17.78,5.06,0.9,22.74,0.9,1.0,1.0,tamamlandı
2026-07-30,2026-07-30 12:18:42,OYAKC,20.98,1,84,58.6,ELİT ADAY,52.07,3.1,0.5,1.38,1.64,10.3,0.88,0.12,3.05,1.15,0.38,0.77,3.35,0.67,14,20,15,10,20,5,0,EMA20 üzerinde | EMA20 eğimi yukarı | 10 günlük hacim birikimi güçlü | Yükselen gün hacmi baskın | Fiyat gitmeden sessiz hacim artışı | Güçlü sıkışma %10.3 | Volatilite daralıyor | Güçlü kapanış | RSI sağlıklı bölgede 52.1 | Erken momentum | 20 günlük dirence yakın,Belirgin risk yok,-3.24,-1.91,-1.81,2.57,-1.81,-3.43,2.57,-3.43,0.0,0.0,tamamlandı
2026-07-30,2026-07-30 12:18:42,ENJSA,108.9,2,75,52.95,GÜÇLÜ ADAY,56.75,2.95,0.47,2.05,1.59,12.82,0.62,0.38,2.59,2.6,0.65,0.46,7.5,5.83,14,20,10,6,20,5,0,EMA20 üzerinde | EMA20 eğimi yukarı | 10 günlük hacim birikimi güçlü | Yükselen gün hacmi baskın | Fiyat gitmeden sessiz hacim artışı | Güçlü sıkışma %12.8 | RSI sağlıklı bölgede 56.8 | Erken momentum | 20 günlük dirence yakın,Belirgin risk yok,0.0,0.55,4.13,-1.38,4.13,0.0,4.13,-1.74,1.0,0.0,tamamlandı
2026-07-30,2026-07-30 12:18:42,GMTAS,46.98,3,73,51.95,GÜÇLÜ ADAY,55.15,4.4,0.22,1.47,3.41,16.63,0.6,0.4,5.66,2.33,0.26,1.69,6.05,3.98,20,20,6,6,18,3,0,EMA20 üzerinde | Orta vadeli trend pozitif | EMA20 eğimi yukarı | 10 günlük hacim birikimi güçlü | Yükselen gün hacmi baskın | Fiyat gitmeden sessiz hacim artışı | Kontrollü bant %16.6 | RSI sağlıklı bölgede 55.2 | Erken momentum,Belirgin risk yok,-3.96,-1.7,0.98,2.21,0.98,-3.96,2.21,-3.96,0.0,0.0,tamamlandı
2026-07-29,2026-07-29 12:26:10,EGEPO,18.94,1,79,55.8,GÜÇLÜ ADAY,51.19,4.19,0.35,1.56,2.21,13.98,0.87,0.13,5.96,0.49,1.28,-0.89,3.61,3.22,16,20,15,10,15,3,0,EMA20 üzerinde | Orta vadeli trend pozitif | 10 günlük hacim birikimi güçlü | Yükselen gün hacmi baskın | Fiyat gitmeden sessiz hacim artışı | Güçlü sıkışma %14.0 | Volatilite daralıyor | Güçlü kapanış | RSI sağlıklı bölgede 51.2,Belirgin risk yok,-4.33,-4.86,-1.53,-5.07,-1.53,-4.86,0.32,-5.07,0.0,0.0,tamamlandı
2026-07-29,2026-07-29 12:26:10,GMTAS,47.08,2,76,53.7,GÜÇLÜ ADAY,55.44,4.51,0.37,1.31,3.3,16.63,0.86,0.14,5.46,2.76,1.55,-1.67,6.85,3.84,20,17,11,10,15,3,0,EMA20 üzerinde | Orta vadeli trend pozitif | EMA20 eğimi yukarı | Hacim birikimi var | Yükselen gün hacmi baskın | Fiyat gitmeden sessiz hacim artışı | Kontrollü bant %16.6 | Volatilite daralıyor | Güçlü kapanış | RSI sağlıklı bölgede 55.4,Belirgin risk yok,-0.17,-2.55,-2.55,-0.17,-0.17,-4.16,0.76,-4.16,0.0,0.0,tamamlandı
2026-07-29,2026-07-29 12:26:10,CATES,46.6,3,75,52.75,GÜÇLÜ ADAY,66.95,4.22,0.44,1.47,1.65,23.0,0.88,0.12,4.47,5.44,1.13,3.79,1.75,14.55,20,20,0,10,20,5,0,EMA20 üzerinde | Orta vadeli trend pozitif | EMA20 eğimi yukarı | 10 günlük hacim birikimi güçlü | Yükselen gün hacmi baskın | Fiyat gitmeden sessiz hacim artışı | Güçlü kapanış | RSI sağlıklı bölgede 66.9 | Erken momentum | 20 günlük dirence yakın,Belirgin risk yok,-1.46,3.78,5.84,2.58,5.84,-1.46,6.78,-1.46,1.0,1.0,tamamlandı
2026-07-28,2026-07-28 12:22:00,ANHYT,106.7,1,79,56.05,GÜÇLÜ ADAY,62.58,2.58,1.42,1.51,5.37,12.1,0.63,0.37,0.47,3.54,0.66,4.3,9.49,4.3,14,26,10,6,20,3,0,EMA20 üzerinde | EMA20 eğimi yukarı | Hacim ortalamanın üzerinde 1.42x | 10 günlük hacim birikimi güçlü | Yükselen gün hacmi baskın | Fiyat gitmeden sessiz hacim artışı | Güçlü sıkışma %12.1 | RSI sağlıklı bölgede 62.6 | Erken momentum | 20 günlük dirence yakın,Belirgin risk yok,2.44,7.78,11.25,5.15,11.25,2.44,14.81,2.44,1.0,1.0,tamamlandı
2026-07-28,2026-07-28 12:22:00,OYAKC,21.02,2,78,54.7,GÜÇLÜ ADAY,52.37,3.15,0.59,1.18,1.6,10.3,0.9,0.1,2.87,1.52,3.34,0.0,5.47,0.86,14,17,15,10,17,5,0,EMA20 üzerinde | EMA20 eğimi yukarı | Hacim birikimi var | Yükselen gün hacmi baskın | Fiyat gitmeden sessiz hacim artışı | Güçlü sıkışma %10.3 | Volatilite daralıyor | Güçlü kapanış | RSI sağlıklı bölgede 52.4 | 20 günlük dirence yakın,Belirgin risk yok,-0.57,-3.43,-2.09,-0.86,-0.48,-3.52,-0.48,-3.62,0.0,0.0,tamamlandı
2026-07-28,2026-07-28 12:22:00,ENJSA,107.2,3,77,54.15,GÜÇLÜ ADAY,53.55,2.93,0.39,1.89,2.02,12.82,0.78,0.22,4.11,1.64,1.61,0.28,4.59,1.52,14,20,10,8,20,5,0,EMA20 üzerinde | EMA20 eğimi yukarı | 10 günlük hacim birikimi güçlü | Yükselen gün hacmi baskın | Fiyat gitmeden sessiz hacim artışı | Güçlü sıkışma %12.8 | Güçlü kapanış | RSI sağlıklı bölgede 53.5 | Erken momentum | 20 günlük dirence yakın,Belirgin risk yok,0.93,1.59,2.15,2.61,2.8,0.93,5.78,0.93,0.0,1.0,tamamlandı
2026-07-27,2026-07-27 13:32:16,ANHYT,106.6,1,80,56.6,GÜÇLÜ ADAY,62.24,2.45,1.45,1.21,3.1,10.86,0.83,0.17,-0.66,3.77,0.66,3.7,8.17,3.9,14,23,15,10,15,3,0,EMA20 üzerinde | EMA20 eğimi yukarı | Hacim ortalamanın üzerinde 1.45x | Hacim birikimi var | Yükselen gün hacmi baskın | Fiyat gitmeden sessiz hacim artışı | Güçlü sıkışma %10.9 | Volatilite daralıyor | Güçlü kapanış | RSI sağlıklı bölgede 62.2 | Erken momentum,Belirgin risk yok,0.47,2.63,7.97,7.97,7.97,0.47,14.92,0.47,1.0,1.0,tamamlandı
2026-07-27,2026-07-27 13:32:16,PRKAB,36.86,2,78,55.9,GÜÇLÜ ADAY,52.18,4.35,1.92,1.39,3.73,13.33,0.59,0.41,3.66,2.34,4.6,6.59,3.31,0.27,10,30,15,0,20,3,0,EMA20 üzerinde | EMA20 eğimi yukarı | Güçlü hacim 1.92x | 10 günlük hacim birikimi güçlü | Yükselen gün hacmi baskın | Fiyat gitmeden sessiz hacim artışı | Güçlü sıkışma %13.3 | Volatilite daralıyor | RSI sağlıklı bölgede 52.2 | Erken momentum | 20 günlük dirence yakın,Belirgin risk yok,-4.99,-10.36,-8.3,-8.3,-4.99,-10.36,-4.99,-10.36,0.0,0.0,tamamlandı
2026-07-27,2026-07-27 13:32:16,GMTAS,46.58,3,77,54.3,GÜÇLÜ ADAY,53.66,4.69,0.37,1.24,1.85,16.63,0.79,0.21,6.47,2.03,2.24,6.98,3.37,1.93,20,17,11,8,18,3,0,EMA20 üzerinde | Orta vadeli trend pozitif | EMA20 eğimi yukarı | Hacim birikimi var | Yükselen gün hacmi baskın | Fiyat gitmeden sessiz hacim artışı | Kontrollü bant %16.6 | Volatilite daralıyor | Güçlü kapanış | RSI sağlıklı bölgede 53.7 | Erken momentum,Belirgin risk yok,-0.47,0.9,-1.5,-1.03,0.9,-3.13,1.85,-3.13,0.0,0.0,tamamlandı
2026-07-24,2026-07-24 12:09:26,ULUUN,9.93,1,77,54.0,GÜÇLÜ ADAY,61.71,4.85,0.68,1.45,2.12,20.23,0.68,0.32,3.97,6.56,1.53,1.43,14.67,4.64,20,15,11,6,20,5,0,EMA20 üzerinde | Orta vadeli trend pozitif | EMA20 eğimi yukarı | 10 günlük hacim birikimi güçlü | Yükselen gün hacmi baskın | Kontrollü bant %20.2 | Volatilite daralıyor | RSI sağlıklı bölgede 61.7 | Erken momentum | 20 günlük dirence yakın,Belirgin risk yok,-11.88,-16.41,-18.83,-18.03,-11.88,-18.83,-11.88,-20.75,0.0,0.0,tamamlandı
2026-07-24,2026-07-24 12:09:26,GMTAS,46.74,2,75,53.1,GÜÇLÜ ADAY,54.2,4.61,0.27,1.17,1.95,16.63,0.6,0.4,6.14,2.35,1.17,7.45,2.73,1.83,20,17,11,6,18,3,0,EMA20 üzerinde | Orta vadeli trend pozitif | EMA20 eğimi yukarı | Hacim birikimi var | Yükselen gün hacmi baskın | Fiyat gitmeden sessiz hacim artışı | Kontrollü bant %16.6 | Volatilite daralıyor | RSI sağlıklı bölgede 54.2 | Erken momentum,Belirgin risk yok,-1.2,0.26,-3.47,-0.09,0.56,-3.47,1.5,-3.47,0.0,0.0,tamamlandı
2026-07-24,2026-07-24 12:09:26,ECOGR,44.56,3,75,49.25,GÜÇLÜ ADAY,64.3,4.77,1.53,1.42,7.24,25.57,0.89,0.11,3.05,9.24,0.81,12.24,18.83,4.36,20,25,0,10,15,5,0,EMA20 üzerinde | Orta vadeli trend pozitif | EMA20 eğimi yukarı | Güçlü hacim 1.53x | 10 günlük hacim birikimi güçlü | Yükselen gün hacmi baskın | Güçlü kapanış | RSI sağlıklı bölgede 64.3 | 20 günlük dirence yakın,Belirgin risk yok,-10.68,-25.45,-18.49,-23.83,-10.68,-25.9,-10.68,-25.9,0.0,0.0,tamamlandı
2026-07-23,2026-07-23 12:14:15,EGEPO,19.38,1,84,59.0,ELİT ADAY,55.39,4.1,0.3,1.87,2.16,14.11,0.74,0.26,3.77,2.19,1.41,3.69,4.25,3.19,20,20,15,6,20,3,0,EMA20 üzerinde | Orta vadeli trend pozitif | EMA20 eğimi yukarı | 10 günlük hacim birikimi güçlü | Yükselen gün hacmi baskın | Fiyat gitmeden sessiz hacim artışı | Güçlü sıkışma %14.1 | Volatilite daralıyor | RSI sağlıklı bölgede 55.4 | Erken momentum | 20 günlük dirence yakın,Belirgin risk yok,-3.3,-3.51,-6.5,-3.3,-3.3,-6.5,-3.3,-7.02,0.0,0.0,tamamlandı
2026-07-23,2026-07-23 12:14:15,BOSSA,7.09,2,79,55.85,GÜÇLÜ ADAY,62.16,4.3,1.16,3.35,1.56,22.31,0.93,0.07,4.19,6.35,4.88,5.51,11.83,9.92,20,26,0,10,20,3,0,EMA20 üzerinde | Orta vadeli trend pozitif | EMA20 eğimi yukarı | Hacim ortalamanın üzerinde 1.16x | 10 günlük hacim birikimi güçlü | Yükselen gün hacmi baskın | Fiyat gitmeden sessiz hacim artışı | Güçlü kapanış | RSI sağlıklı bölgede 62.2 | Erken momentum | 20 günlük dirence yakın,Belirgin risk yok,-3.39,-5.36,-12.13,-12.69,-3.39,-12.13,-3.39,-12.69,0.0,0.0,tamamlandı
2026-07-23,2026-07-23 12:14:15,CIMSA,50.5,3,71,50.5,GÜÇLÜ ADAY,57.1,2.82,0.32,1.33,1.75,12.58,0.5,0.5,1.37,3.32,-0.2,5.08,8.42,2.43,14,17,15,0,20,5,0,EMA20 üzerinde | EMA20 eğimi yukarı | Hacim birikimi var | Yükselen gün hacmi baskın | Fiyat gitmeden sessiz hacim artışı | Güçlü sıkışma %12.6 | Volatilite daralıyor | RSI sağlıklı bölgede 57.1 | Erken momentum | 20 günlük dirence yakın,Belirgin risk yok,-1.7,-6.26,-8.48,-10.93,-1.7,-8.48,-1.7,-11.41,0.0,0.0,tamamlandı
2026-07-22,2026-07-22 12:15:10,CWENE,41.14,1,82,58.1,ELİT ADAY,58.06,4.91,1.23,1.95,2.09,17.63,0.58,0.42,4.19,3.97,2.34,5.49,0.59,3.42,20,26,11,0,20,5,0,EMA20 üzerinde | Orta vadeli trend pozitif | EMA20 eğimi yukarı | Hacim ortalamanın üzerinde 1.23x | 10 günlük hacim birikimi güçlü | Yükselen gün hacmi baskın | Fiyat gitmeden sessiz hacim artışı | Kontrollü bant %17.6 | Volatilite daralıyor | RSI sağlıklı bölgede 58.1 | Erken momentum | 20 günlük dirence yakın,Belirgin risk yok,-4.13,-9.43,-11.81,7.44,-4.13,-11.81,7.44,-17.36,0.0,1.0,tamamlandı
2026-07-22,2026-07-22 12:15:10,POLHO,22.48,2,78,55.15,GÜÇLÜ ADAY,64.73,3.45,0.32,1.76,3.04,12.76,0.86,0.14,2.18,5.52,2.18,9.23,6.95,9.44,20,20,10,10,15,3,0,EMA20 üzerinde | Orta vadeli trend pozitif | EMA20 eğimi yukarı | 10 günlük hacim birikimi güçlü | Yükselen gün hacmi baskın | Fiyat gitmeden sessiz hacim artışı | Güçlü sıkışma %12.8 | Güçlü kapanış | RSI sağlıklı bölgede 64.7 | 20 günlük dirence yakın,Belirgin risk yok,-1.42,-7.56,-8.19,-6.41,-1.42,-8.19,-1.42,-8.19,0.0,0.0,tamamlandı
2026-07-22,2026-07-22 12:15:10,EGEPO,19.31,3,76,54.2,GÜÇLÜ ADAY,54.68,4.21,0.2,2.15,3.23,14.11,0.56,0.44,6.17,1.96,0.78,5.63,5.87,0.31,20,20,15,0,18,3,0,EMA20 üzerinde | Orta vadeli trend pozitif | EMA20 eğimi yukarı | 10 günlük hacim birikimi güçlü | Yükselen gün hacmi baskın | Fiyat gitmeden sessiz hacim artışı | Güçlü sıkışma %14.1 | Volatilite daralıyor | RSI sağlıklı bölgede 54.7 | Erken momentum,Belirgin risk yok,-0.52,-6.16,-5.23,-3.42,-0.52,-6.16,-0.52,-6.68,0.0,0.0,tamamlandı
2026-07-21,2026-07-21 12:17:08,POLHO,22.14,1,83,58.15,ELİT ADAY,61.96,3.57,0.33,1.73,3.0,13.31,0.91,0.09,3.66,4.47,1.1,6.75,6.44,8.42,20,20,10,10,20,3,0,EMA20 üzerinde | Orta vadeli trend pozitif | EMA20 eğimi yukarı | 10 günlük hacim birikimi güçlü | Yükselen gün hacmi baskın | Fiyat gitmeden sessiz hacim artışı | Güçlü sıkışma %13.3 | Güçlü kapanış | RSI sağlıklı bölgede 62.0 | Erken momentum | 20 günlük dirence yakın,Belirgin risk yok,-0.09,-3.25,-6.78,-5.15,0.09,-6.78,0.09,-6.78,0.0,0.0,tamamlandı
2026-07-21,2026-07-21 12:17:08,EREGL,44.04,2,72,47.15,GÜÇLÜ ADAY,64.08,3.22,0.32,0.88,1.81,13.27,0.92,0.08,0.41,6.16,1.01,7.78,6.07,9.17,20,7,10,10,20,5,0,EMA20 üzerinde | Orta vadeli trend pozitif | EMA20 eğimi yukarı | Yükselen gün hacmi baskın | Güçlü sıkışma %13.3 | Güçlü kapanış | RSI sağlıklı bölgede 64.1 | Erken momentum | 20 günlük dirence yakın,Belirgin risk yok,-4.09,-1.73,-0.41,-5.22,0.36,-4.09,0.36,-7.58,0.0,0.0,tamamlandı
2026-07-21,2026-07-21 12:17:08,SURGY,71.7,3,70,46.0,GÜÇLÜ ADAY,54.04,4.19,0.48,0.77,1.7,12.25,0.93,0.07,4.46,2.37,2.43,7.5,3.31,-2.32,16,7,15,10,17,5,0,EMA20 üzerinde | Orta vadeli trend pozitif | EMA20 eğimi yukarı | Yükselen gün hacmi baskın | Güçlü sıkışma %12.3 | Volatilite daralıyor | Güçlü kapanış | RSI sağlıklı bölgede 54.0 | Erken momentum | 20 günlük dirence yakın,Belirgin risk yok,-1.88,-4.46,-6.28,-7.11,-1.88,-6.28,-1.88,-7.11,0.0,0.0,tamamlandı
2026-07-20,2026-07-20 12:47:30,POLHO,22.34,1,83,58.15,ELİT ADAY,63.25,3.64,0.42,1.65,2.35,13.31,0.92,0.08,2.79,5.7,3.23,3.23,5.38,7.4,20,20,10,10,20,3,0,EMA20 üzerinde | Orta vadeli trend pozitif | EMA20 eğimi yukarı | 10 günlük hacim birikimi güçlü | Yükselen gün hacmi baskın | Fiyat gitmeden sessiz hacim artışı | Güçlü sıkışma %13.3 | Güçlü kapanış | RSI sağlıklı bölgede 63.3 | Erken momentum | 20 günlük dirence yakın,Belirgin risk yok,-1.52,-0.81,-6.98,-5.91,-0.81,-6.98,-0.81,-7.61,0.0,0.0,tamamlandı
2026-07-20,2026-07-20 12:47:30,BIMAS,390.25,2,77,50.4,GÜÇLÜ ADAY,57.75,2.85,0.35,1.06,4.35,12.74,0.86,0.14,2.01,3.17,1.1,4.77,9.31,1.83,20,7,15,10,20,5,0,EMA20 üzerinde | Orta vadeli trend pozitif | EMA20 eğimi yukarı | Yükselen gün hacmi baskın | Güçlü sıkışma %12.7 | Volatilite daralıyor | Güçlü kapanış | RSI sağlıklı bölgede 57.8 | Erken momentum | 20 günlük dirence yakın,Belirgin risk yok,0.7,0.06,-1.79,-2.88,2.43,-2.56,2.43,-2.88,0.0,0.0,tamamlandı
2026-07-20,2026-07-20 12:47:30,RGYAS,203.8,3,77,50.4,GÜÇLÜ ADAY,63.32,2.28,0.35,0.65,2.27,10.16,0.94,0.06,1.55,3.02,0.39,2.98,6.2,1.9,20,7,15,10,20,5,0,EMA20 üzerinde | Orta vadeli trend pozitif | EMA20 eğimi yukarı | Yükselen gün hacmi baskın | Güçlü sıkışma %10.2 | Volatilite daralıyor | Güçlü kapanış | RSI sağlıklı bölgede 63.3 | Erken momentum | 20 günlük dirence yakın,Belirgin risk yok,0.05,1.08,-1.32,-2.8,1.86,-1.32,1.86,-2.8,0.0,0.0,tamamlandı
2026-07-17,2026-07-17 11:40:27,AKFYE,25.52,1,78,54.8,GÜÇLÜ ADAY,57.98,5.43,0.71,1.45,2.53,23.18,0.82,0.18,5.83,6.35,4.59,6.24,11.64,5.37,20,20,5,10,18,5,0,EMA20 üzerinde | Orta vadeli trend pozitif | EMA20 eğimi yukarı | 10 günlük hacim birikimi güçlü | Yükselen gün hacmi baskın | Fiyat gitmeden sessiz hacim artışı | Volatilite daralıyor | Güçlü kapanış | RSI sağlıklı bölgede 58.0 | Erken momentum,Belirgin risk yok,10.66,4.55,4.62,-6.43,10.66,4.55,10.66,-6.43,1.0,1.0,tamamlandı
2026-07-17,2026-07-17 11:40:27,POLHO,21.46,2,68,49.15,GÜÇLÜ ADAY,56.13,3.75,0.42,1.56,2.22,13.31,0.58,0.42,6.61,2.23,1.23,-2.98,1.51,0.28,20,20,10,0,15,3,0,EMA20 üzerinde | Orta vadeli trend pozitif | EMA20 eğimi yukarı | 10 günlük hacim birikimi güçlü | Yükselen gün hacmi baskın | Fiyat gitmeden sessiz hacim artışı | Güçlü sıkışma %13.3 | RSI sağlıklı bölgede 56.1,Belirgin risk yok,2.05,3.08,-0.19,-1.68,3.26,-0.19,3.26,-3.82,1.0,0.0,tamamlandı
2026-07-17,2026-07-17 11:40:27,TRGYO,99.7,3,72,47.4,GÜÇLÜ ADAY,52.36,2.4,0.12,1.11,1.92,7.17,0.8,0.2,3.39,0.28,0.15,-1.97,1.94,0.86,20,7,15,8,17,5,0,EMA20 üzerinde | Orta vadeli trend pozitif | EMA20 eğimi yukarı | Yükselen gün hacmi baskın | Güçlü sıkışma %7.2 | Volatilite daralıyor | Güçlü kapanış | RSI sağlıklı bölgede 52.4 | 20 günlük dirence yakın,Belirgin risk yok,-1.25,-1.86,-3.26,-5.97,-1.25,-3.26,-1.25,-6.62,0.0,0.0,tamamlandı
2026-07-16,2026-07-16 12:00:57,ESCAR,49.14,1,75,53.05,GÜÇLÜ ADAY,53.68,4.34,0.16,1.49,5.66,17.11,0.73,0.27,7.98,1.56,0.57,3.45,4.11,1.24,20,20,6,6,18,5,0,EMA20 üzerinde | Orta vadeli trend pozitif | EMA20 eğimi yukarı | 10 günlük hacim birikimi güçlü | Yükselen gün hacmi baskın | Fiyat gitmeden sessiz hacim artışı | Kontrollü bant %17.1 | RSI sağlıklı bölgede 53.7 | Erken momentum,Belirgin risk yok,1.75,-2.44,-2.32,-5.17,1.75,-2.44,1.75,-5.17,0.0,0.0,tamamlandı
2026-07-16,2026-07-16 12:00:57,POLHO,20.74,2,72,51.25,GÜÇLÜ ADAY,48.84,3.74,0.27,1.49,2.09,13.31,0.93,0.07,9.75,-0.76,0.78,-1.8,-1.33,0.29,14,20,10,10,15,3,0,Orta vadeli trend pozitif | EMA20 eğimi yukarı | 10 günlük hacim birikimi güçlü | Yükselen gün hacmi baskın | Fiyat gitmeden sessiz hacim artışı | Güçlü sıkışma %13.3 | Güçlü kapanış | RSI sağlıklı bölgede 48.8,Belirgin risk yok,4.34,6.08,6.85,0.29,6.85,4.34,6.85,-0.48,1.0,1.0,tamamlandı
2026-07-16,2026-07-16 12:00:57,THYAO,328.5,3,72,51.1,GÜÇLÜ ADAY,51.35,2.8,0.28,1.24,1.91,10.58,0.65,0.35,7.59,-0.33,0.77,-1.05,0.0,2.1,14,17,15,6,15,5,0,Orta vadeli trend pozitif | EMA20 eğimi yukarı | Hacim birikimi var | Yükselen gün hacmi baskın | Fiyat gitmeden sessiz hacim artışı | Güçlü sıkışma %10.6 | Volatilite daralıyor | RSI sağlıklı bölgede 51.3,Belirgin risk yok,0.3,-3.35,-4.79,-6.16,0.3,-4.79,0.3,-6.16,0.0,0.0,tamamlandı
2026-07-14,2026-07-14 11:41:51,ESCAR,48.94,1,75,53.1,GÜÇLÜ ADAY,52.79,4.56,0.1,1.37,5.73,17.11,0.8,0.2,8.35,1.29,0.91,-0.33,4.44,5.16,16,20,11,8,15,5,0,EMA20 üzerinde | Orta vadeli trend pozitif | 10 günlük hacim birikimi güçlü | Yükselen gün hacmi baskın | Fiyat gitmeden sessiz hacim artışı | Kontrollü bant %17.1 | Volatilite daralıyor | Güçlü kapanış | RSI sağlıklı bölgede 52.8,Belirgin risk yok,2.13,0.45,-1.92,-4.05,2.17,-2.04,2.17,-4.41,0.0,0.0,tamamlandı
2026-07-14,2026-07-15 12:01:17,RALYH,216.9,1,75,53.2,GÜÇLÜ ADAY,52.97,7.23,1.91,1.53,8.38,61.34,0.68,0.32,1.32,5.14,4.28,3.78,13.2,6.32,14,25,5,6,20,5,0,EMA20 üzerinde | EMA20 eğimi yukarı | Güçlü hacim 1.91x | 10 günlük hacim birikimi güçlü | Yükselen gün hacmi baskın | Volatilite daralıyor | RSI sağlıklı bölgede 53.0 | Erken momentum | 20 günlük dirence yakın,Belirgin risk yok,9.96,11.89,21.83,10.1,21.83,9.96,21.83,9.96,1.0,1.0,tamamlandı
2026-07-14,2026-07-14 11:41:51,ALKLC,385.0,2,73,51.05,GÜÇLÜ ADAY,67.8,4.07,0.11,1.27,2.07,20.29,0.88,0.12,3.08,7.31,0.85,1.58,14.16,11.92,20,12,6,10,20,5,0,EMA20 üzerinde | Orta vadeli trend pozitif | EMA20 eğimi yukarı | Hacim birikimi var | Yükselen gün hacmi baskın | Kontrollü bant %20.3 | Güçlü kapanış | RSI sağlıklı bölgede 67.8 | Erken momentum | 20 günlük dirence yakın,Belirgin risk yok,3.51,4.16,4.35,2.34,4.35,2.14,4.35,2.14,1.0,0.0,tamamlandı
2026-07-14,2026-07-15 12:01:17,BIMAS,384.5,2,75,53.05,GÜÇLÜ ADAY,56.82,2.9,1.23,1.18,1.62,12.46,1.0,0.0,3.33,2.83,2.74,2.74,5.27,-0.39,10,23,10,10,17,5,0,EMA20 üzerinde | EMA20 eğimi yukarı | Hacim ortalamanın üzerinde 1.23x | Hacim birikimi var | Yükselen gün hacmi baskın | Fiyat gitmeden sessiz hacim artışı | Güçlü sıkışma %12.5 | Güçlü kapanış | RSI sağlıklı bölgede 56.8 | Erken momentum | 20 günlük dirence yakın,Belirgin risk yok,3.06,4.03,3.97,0.52,4.03,0.39,4.03,-1.11,1.0,0.0,tamamlandı
2026-07-14,2026-07-14 11:41:51,EDIP,38.64,3,71,50.65,GÜÇLÜ ADAY,56.54,3.49,0.15,1.2,1.75,14.65,0.62,0.38,6.12,2.54,1.42,-2.52,4.72,7.1,20,17,10,6,15,3,0,EMA20 üzerinde | Orta vadeli trend pozitif | EMA20 eğimi yukarı | Hacim birikimi var | Yükselen gün hacmi baskın | Fiyat gitmeden sessiz hacim artışı | Güçlü sıkışma %14.7 | RSI sağlıklı bölgede 56.5,Belirgin risk yok,1.76,-0.36,-7.35,-11.54,1.76,-7.35,1.76,-11.54,0.0,0.0,tamamlandı
2026-07-14,2026-07-15 12:01:17,KRDMA,41.02,3,79,52.35,GÜÇLÜ ADAY,59.55,2.86,2.09,0.86,4.9,11.01,0.98,0.02,1.25,3.36,0.69,4.8,2.14,-0.97,20,17,10,10,17,5,0,EMA20 üzerinde | Orta vadeli trend pozitif | EMA20 eğimi yukarı | Güçlü hacim 2.09x | Yükselen gün hacmi baskın | Güçlü sıkışma %11.0 | Güçlü kapanış | RSI sağlıklı bölgede 59.5 | Erken momentum | 20 günlük dirence yakın,Belirgin risk yok,0.29,10.39,5.27,3.56,16.92,0.29,16.92,0.29,1.0,1.0,tamamlandı
2026-07-13,2026-07-13 12:58:44,LYDHO,186.2,1,73,52.1,GÜÇLÜ ADAY,50.72,3.42,0.36,1.41,2.0,13.22,0.66,0.34,5.86,0.47,0.59,-2.1,3.44,3.96,14,20,15,6,15,3,0,EMA20 üzerinde | EMA20 eğimi yukarı | 10 günlük hacim birikimi güçlü | Yükselen gün hacmi baskın | Fiyat gitmeden sessiz hacim artışı | Güçlü sıkışma %13.2 | Volatilite daralıyor | RSI sağlıklı bölgede 50.7,Belirgin risk yok,-0.86,-1.18,-2.26,-1.56,-0.86,-2.26,-0.86,-3.22,0.0,0.0,tamamlandı
2026-07-13,2026-07-13 12:58:44,EDIP,37.68,2,71,50.65,GÜÇLÜ ADAY,51.7,3.56,0.13,1.17,1.74,14.65,0.7,0.3,8.45,0.36,0.75,-2.18,2.84,3.52,20,17,10,6,15,3,0,EMA20 üzerinde | Orta vadeli trend pozitif | EMA20 eğimi yukarı | Hacim birikimi var | Yükselen gün hacmi baskın | Fiyat gitmeden sessiz hacim artışı | Güçlü sıkışma %14.7 | RSI sağlıklı bölgede 51.7,Belirgin risk yok,0.16,2.44,-1.91,-8.76,4.35,-1.91,4.35,-8.76,1.0,0.0,tamamlandı
2026-07-13,2026-07-13 12:58:44,ENERY,10.2,3,66,47.15,GÜÇLÜ ADAY,57.58,5.34,0.75,1.66,1.58,29.7,0.83,0.17,13.49,5.37,5.05,5.81,4.29,9.8,16,20,0,10,15,5,0,EMA20 üzerinde | Orta vadeli trend pozitif | 10 günlük hacim birikimi güçlü | Yükselen gün hacmi baskın | Fiyat gitmeden sessiz hacim artışı | Güçlü kapanış | RSI sağlıklı bölgede 57.6 | Erken momentum,Belirgin risk yok,-2.34,-7.53,-7.43,-8.21,-2.34,-7.53,-2.34,-8.21,0.0,0.0,tamamlandı
2026-07-10,2026-07-13 00:18:11,THYAO,344.5,1,87,60.4,ELİT ADAY,64.17,2.58,0.84,1.35,2.33,10.75,0.88,0.12,3.09,4.48,1.85,3.14,4.16,11.94,20,17,15,10,20,5,0,EMA20 üzerinde | Orta vadeli trend pozitif | EMA20 eğimi yukarı | Hacim birikimi var | Yükselen gün hacmi baskın | Fiyat gitmeden sessiz hacim artışı | Güçlü sıkışma %10.7 | Volatilite daralıyor | Güçlü kapanış | RSI sağlıklı bölgede 64.2 | Erken momentum | 20 günlük dirence yakın,Belirgin risk yok,-3.19,-4.21,-4.79,-7.69,-3.19,-5.37,-3.19,-9.43,0.0,0.0,tamamlandı
2026-07-10,2026-07-13 00:18:11,ASTOR,325.75,2,70,46.3,GÜÇLÜ ADAY,57.44,5.8,1.38,0.92,1.66,28.19,0.88,0.12,3.19,6.66,6.89,2.12,12.42,22.69,20,13,5,10,17,5,0,EMA20 üzerinde | Orta vadeli trend pozitif | EMA20 eğimi yukarı | Hacim ortalamanın üzerinde 1.38x | Yükselen gün hacmi baskın | Volatilite daralıyor | Güçlü kapanış | RSI sağlıklı bölgede 57.4 | Erken momentum | 20 günlük dirence yakın,Belirgin risk yok,-2.38,-4.07,-9.06,-10.97,-0.23,-12.05,-0.23,-12.05,0.0,0.0,tamamlandı
2026-07-10,2026-07-13 01:04:14,FORTE,98.8,2,78,51.35,GÜÇLÜ ADAY,58.56,3.78,1.28,1.03,1.93,13.9,0.87,0.13,1.15,4.91,6.07,0.36,5.33,9.11,20,13,10,10,20,5,0,EMA20 üzerinde | Orta vadeli trend pozitif | EMA20 eğimi yukarı | Hacim ortalamanın üzerinde 1.28x | Yükselen gün hacmi baskın | Güçlü sıkışma %13.9 | Güçlü kapanış | RSI sağlıklı bölgede 58.6 | Erken momentum | 20 günlük dirence yakın,Belirgin risk yok,2.23,6.78,10.83,7.79,10.83,2.23,10.83,2.23,1.0,1.0,tamamlandı
2026-07-10,2026-07-13 01:04:14,AYGAZ,246.0,3,73,48.3,GÜÇLÜ ADAY,66.36,3.31,2.02,1.64,2.16,21.41,0.79,0.21,-4.46,8.85,6.13,11.56,17.42,10.26,14,25,11,8,10,5,0,EMA20 üzerinde | EMA20 eğimi yukarı | Güçlü hacim 2.02x | 10 günlük hacim birikimi güçlü | Yükselen gün hacmi baskın | Kontrollü bant %21.4 | Volatilite daralıyor | Güçlü kapanış | RSI sağlıklı bölgede 66.4,Belirgin risk yok,-0.2,3.56,12.91,9.76,12.91,-0.2,16.57,-0.2,1.0,1.0,tamamlandı
